Date/heure;Temperature moy;Temperature max;Temperature min;rosee moy;rosee min;RS moy;Deficit de Pression de vapeur moy;Deficit de Pression de vapeur min;Humidite Relative moy;Humidite Relative max;Humidite Relative min;Precipitations Somme;Humectation foliaire time;Vitesse du vent moy;Vitesse du vent max;max;ETP quotidien [mm]
22/06/2021 00:00;15.92;22.54;14.12;11.6;10.4;108;0.43;0.09;76.47;94.28;48.79;4.8;190;0.2;0.8;2.4;
21/06/2021 00:00;18.9;27.75;12.96;12.7;10.4;310;0.79;0.02;71.2;98.47;34.82;3.4;160;0.6;1.7;4.3;4.8
20/06/2021 00:00;18.69;27.47;10.13;10.6;8.2;324;0.98;0.06;64.03;94.97;30.51;0;35;0.4;1.3;3.4;4.7
19/06/2021 00:00;16.95;21.41;13.49;11.6;9.9;109;0.56;0.04;72.56;97.35;51.54;6.8;165;0.3;1;2.5;2
18/06/2021 00:00;18.72;22.25;16.43;13.4;10.6;86;0.61;0.14;72.36;92.51;52.73;0.4;75;0.5;1.4;3.3;1.9
17/06/2021 00:00;20.57;27.65;16.07;13.1;10.3;252;0.94;0.31;65.11;83.28;35.51;0;0;0.6;1.4;5.4;4.2
16/06/2021 00:00;19.63;26.69;15.34;14;12.1;244;0.71;0.03;72.62;98.06;45.26;2.2;145;0.5;1.7;3.5;3.9
15/06/2021 00:00;21.12;29.08;15.46;15.5;14.1;269;0.8;0.08;73.32;95.29;44.96;2;160;0.5;1.7;4;4.4
14/06/2021 00:00;20.45;27.67;14.67;15;13.2;285;0.76;0.04;73.44;97.54;46.53;10.8;135;0.5;1.4;3.2;4.5
13/06/2021 00:00;21.23;29.06;14.03;14.1;12.8;319;1;0.07;66.89;95.55;39.39;0;0;0.5;1.1;3;5
12/06/2021 00:00;21.07;29.46;16.56;14.2;8.6;261;0.93;0.08;69.6;95.68;28.6;0;0;0.4;1.5;3.6;4.3
11/06/2021 00:00;24.26;32.5;17.77;11.9;6.3;287;1.73;0.24;50.05;88.29;22.85;19.8;235;0.5;1.5;4.1;4.9
10/06/2021 00:00;27.96;37.41;19.02;10.3;-2.9;298;2.68;0.57;40.5;78.28;8;0.6;45;0.3;1.2;3.1;5
09/06/2021 00:00;26.71;36.45;17.73;12;1.6;290;2.22;0.52;45.99;75.44;13.06;2.4;90;0.3;1.5;3.1;4.9
08/06/2021 00:00;26.07;32.61;21.31;12.6;10.5;140;1.96;0.82;44.66;69;27.53;0;0;0.2;1.5;3.4;2.8
07/06/2021 00:00;27.32;36.44;20.1;9.7;7.3;262;2.57;0.98;35.31;58.19;18.22;0;0;0.5;1.3;3.5;4.8
06/06/2021 00:00;24.56;34.52;15.53;11.6;3.6;312;1.87;0.15;52.65;91.4;16.4;0;0;0.5;1.9;4.9;5.2
05/06/2021 00:00;20.3;28.13;14.94;14.2;12.2;286;0.83;0;72.02;99.79;38.18;0;145;0.4;1.2;2.7;4.5
04/06/2021 00:00;18.09;22.94;14.95;14.9;13.8;146;0.38;0;83.04;100;62.46;13.2;565;0.5;1.5;4.3;2.5
03/06/2021 00:00;18.82;28.94;13.02;13.2;11.7;274;0.73;0.03;73.55;97.44;36.39;3.2;370;0.6;1.4;3.7;4.4
02/06/2021 00:00;19.09;27.43;12.36;11.4;9.8;322;0.93;0.15;64.45;89.55;33.72;0;0;0.6;1.5;4;4.8
01/06/2021 00:00;19.83;27.51;15.37;13.3;10.2;287;0.83;0.03;70.4;97.91;35.26;0;240;0.4;1.1;3.6;4.5
31/05/2021 00:00;21.14;26.3;16.97;15.5;11.5;194;0.75;0.09;72.64;95.09;44.14;0;0;0.5;1.3;4;3.4
30/05/2021 00:00;26.85;34.72;21.21;13.1;6.7;137;2.08;0.59;46.74;76.48;18.56;0;0;0.4;2.8;7.5;3.1
29/05/2021 00:00;24.36;31.89;16.66;14.4;11.8;226;1.5;0.39;56.46;79.9;30.81;0;0;0.3;1.1;2.1;3.9
28/05/2021 00:00;22.89;32.4;15.16;13.4;9.6;267;1.36;0.15;60.1;90.99;25.56;0;0;0.3;1.3;2.9;4.4
27/05/2021 00:00;21.31;27.55;16.78;15.2;12.5;256;0.84;0.07;71.18;96.22;42.18;2.2;330;0.5;1.4;3.2;4.2
26/05/2021 00:00;21.53;28.91;15.1;9.6;6.8;170;1.41;0.61;47.83;65.43;30.6;0;0;0.2;1;2.8;3
25/05/2021 00:00;19.56;28.59;11.57;6.9;3.8;233;1.4;0.31;47.63;77.08;23.36;5;170;0.3;1.2;2.6;3.6
24/05/2021 00:00;16.74;26.97;8.2;4.9;-3.2;297;1.14;0.1;53.47;90.76;15.44;0;0;0.5;1.5;3.1;4.3
23/05/2021 00:00;16.09;22.65;11.14;9;4.7;185;0.68;0.04;66.2;97.07;33.04;1.6;270;0.8;1.8;4.3;3.1
22/05/2021 00:00;21.66;28.94;15.79;12.8;7;245;1.16;0.03;60.86;98.23;26.56;28.4;75;0.5;1.3;3.2;4.1
21/05/2021 00:00;25.19;34.79;17.34;12.8;6.5;315;1.89;0.54;50.41;77.25;18.01;0.4;10;0.4;1.3;3.7;5.1
20/05/2021 00:00;25.73;36.82;17.6;11;1.4;323;2.17;0.48;45.86;75.9;11.41;9.4;155;0.2;0.9;3;5
19/05/2021 00:00;24.28;33.66;14.96;13;8.6;322;1.72;0.19;54.87;88.67;24.21;0;0;0.3;1;3.1;5
18/05/2021 00:00;22.96;32.86;14.14;13.3;10.1;326;1.44;0.15;59.69;90.85;26.79;0;0;0.4;1.2;5.1;5.1
17/05/2021 00:00;21.39;29.56;14.58;12.5;7.4;307;1.17;0.24;60.34;85.42;25.88;0.4;0;0.4;1.1;2.6;4.7
16/05/2021 00:00;24.24;32.16;16.93;11.7;8.3;293;1.76;0.46;48.29;75.81;25.17;0;0;0.5;1.6;3.9;4.9
15/05/2021 00:00;22.93;32.29;13.01;10.8;7.4;296;1.67;0.15;51.48;89.81;21.76;0;0;0.3;1.4;3;4.6
14/05/2021 00:00;18.34;27.21;9.68;10.1;7.1;309;0.98;0.11;62.33;90.9;36.17;0;0;0.4;1.3;3;4.4
13/05/2021 00:00;17.2;25.97;11.13;9.4;4.4;301;0.85;0;65.74;99.6;26.95;0;0;0.5;1.2;2.6;4.3
12/05/2021 00:00;16.26;24.85;8.21;7.2;3.3;327;0.93;0.11;59.69;89.6;25.29;0;0;0.4;1;3.1;4.3
11/05/2021 00:00;16.39;23.32;10.68;8.3;5.7;318;0.81;0.04;62.87;96.72;35.79;0;0;0.4;1.1;2.7;4.3
10/05/2021 00:00;15.79;22.23;12.48;11.4;8.8;163;0.45;0;78.13;100;46.89;0.6;365;0.8;2;4.8;2.7
09/05/2021 00:00;17.53;24.17;14.15;14.1;7.7;180;0.4;0;83.75;100;36.36;4.4;590;0.8;2.1;4.1;3.1
08/05/2021 00:00;23.66;36.54;16.48;12.7;4.5;241;1.63;0;58.82;99.7;15.04;12.8;260;0.4;3.2;6.1;4.2
07/05/2021 00:00;22.28;31.4;13.82;13.3;6.2;303;1.29;0.02;63.04;98.29;22.77;0.2;0;0.3;1.2;3.3;4.5
06/05/2021 00:00;20.85;29.43;13.63;13.6;9.9;284;1;0;68.58;99.88;30.97;0.2;0;0.3;1.1;3.1;4.3
05/05/2021 00:00;19.61;27.81;11.69;13;10.6;300;0.86;0;69.41;100;35.76;0;0;0.4;1.4;4.7;4.4
04/05/2021 00:00;19.13;28.22;10.92;12.3;10.4;299;0.87;0.02;68.22;98.31;37.27;0;0;0.4;1.3;3.6;4.3
03/05/2021 00:00;15.1;22.06;8.6;9.1;7.3;189;0.59;0.07;69.78;93.04;44.35;0;0;0.2;0.8;2.1;2.7
02/05/2021 00:00;14.35;22.41;6.39;6.6;4;309;0.72;0.05;63.45;93.83;36.89;0;0;0.3;1.1;2.5;3.9
01/05/2021 00:00;13.66;20.53;7.07;7.6;4.7;239;0.54;0;69.88;99.51;41.65;0;0;0.3;1.3;2.6;3.1
30/04/2021 00:00;12.42;15.34;10.35;11;9.7;70;0.12;0;91.9;100;72.86;5.4;195;0.4;1.6;2.8;1.3
29/04/2021 00:00;15.76;22.65;11.16;10.7;8.1;181;0.52;0.01;74.53;99.01;40.63;0;0;0.3;1.1;3.1;2.7
28/04/2021 00:00;16.27;22.97;11.45;12;8.5;192;0.46;0.01;78.42;98.69;42.03;0.4;15;0.4;1.6;3.9;2.9
27/04/2021 00:00;17.44;23.68;12.91;10.6;7.4;262;0.72;0.1;67.31;93.55;35.48;0;0;0.8;2.2;5.2;3.9
26/04/2021 00:00;16.94;24.99;11.44;11.5;6.8;264;0.61;0;75.15;100;31.92;0.2;250;0.5;1.9;5.1;3.8
25/04/2021 00:00;15.5;21;12.48;13.5;11.7;95;0.21;0;89.39;100;60.1;10;470;0.2;1;3.1;1.7
24/04/2021 00:00;16.52;21.15;13.69;14.4;13.3;97;0.23;0;88.55;99.97;65.63;1.4;490;0.3;1.3;2.7;1.7
23/04/2021 00:00;19.28;27.1;12.68;12.6;10.3;286;0.85;0.06;69.04;95.68;36.33;0.4;15;0.4;1.3;3.1;4.1
22/04/2021 00:00;16.42;23.78;10.38;10.6;7.8;286;0.63;0.02;72.52;98.41;36.77;0;0;0.3;1.2;2.9;3.8
21/04/2021 00:00;15.81;22.11;12.28;10.2;6.5;223;0.56;0.09;72.42;93.77;39.16;0;0;0.4;1.2;3.6;3.2
20/04/2021 00:00;15.92;23.33;8.21;9.3;4.2;296;0.69;0.05;69.01;95.06;34.98;0;0;0.3;1.1;2.9;3.8
19/04/2021 00:00;17.03;24.59;10.39;8.9;3.7;290;0.86;0.09;63.49;92.83;27.47;0;0;0.3;1.4;3.4;3.8
18/04/2021 00:00;17.02;24.02;9.42;9.1;2.4;293;0.85;0;66.27;100;24.94;0;0;0.2;0.8;2.5;3.7
17/04/2021 00:00;16.46;23.33;10.37;11.6;7.5;266;0.55;0;77.12;100;39.04;0;265;0.2;0.9;2.4;3.5
16/04/2021 00:00;14.47;22.7;10.86;12.3;10.8;163;0.24;0;88.93;100;48.63;2.4;195;0.1;1.1;3.4;2.4
15/04/2021 00:00;14.14;18.36;12.24;13.4;12;91;0.07;0;95.98;100;71.33;6.6;535;0.1;0.9;4.1;1.5
14/04/2021 00:00;17.34;21.43;13.98;14.1;12;108;0.36;0;82.35;100;64.21;15;265;0.3;1.1;3.7;1.8
13/04/2021 00:00;19.69;28.29;13.42;12.7;10.4;238;0.89;0.15;66.65;90.07;40.05;0.2;0;0.1;0.6;2.2;3.4
12/04/2021 00:00;17.34;25.62;9.44;10.4;7;261;0.81;0.02;68.5;97.76;33.01;0;0;0.2;0.8;2.3;3.4
11/04/2021 00:00;16.64;24.06;12.06;9.9;4.5;257;0.7;0.1;68.81;92.91;29.13;0;0;0.2;1.2;3.7;3.4
10/04/2021 00:00;16.56;24.29;12.56;11.4;3.1;229;0.56;0;77.13;100;26.47;0.2;390;0.1;0.9;2.3;3.1
09/04/2021 00:00;17.37;24.53;14.11;13.5;12.2;170;0.44;0.06;79.75;95.8;50.69;0.2;55;0.2;1;2.4;2.5
08/04/2021 00:00;17.31;23.43;14.15;13.4;11.8;180;0.45;0.04;80.02;97.47;49.96;0;0;0.2;0.7;2.4;2.7
07/04/2021 00:00;15.54;19.96;12.1;13.2;11.8;87;0.25;0;86.95;99.81;65.71;0;0;0.1;0.4;1.8;1.5
06/04/2021 00:00;17.55;26.97;9.38;10.7;7.1;235;0.8;0.09;68.14;94.49;33.6;0;0;0.1;0.8;2.6;3.1
05/04/2021 00:00;16.58;25.88;8.32;8;2.9;274;0.9;0.05;63.3;95.32;23.06;0;0;0.1;0.7;2.1;3.4
04/04/2021 00:00;15;22.03;10.5;8.8;4.9;243;0.58;0.04;70.48;96.3;33.97;0;0;0.2;0.7;1.9;3
03/04/2021 00:00;14.81;21.3;9.65;9.1;6.3;252;0.54;0.05;72.07;95.91;40.12;0;0;0.2;0.8;3.6;3.1
02/04/2021 00:00;16;23.93;12.41;11.3;9.6;169;0.49;0.02;75.75;98.32;42.99;0;0;0.2;0.7;2.3;2.4
01/04/2021 00:00;17.51;23.78;13.31;8.9;3.2;258;0.87;0.18;58.72;88.1;38.44;0;0;0.3;0.8;3;3.4
31/03/2021 00:00;24.47;34.24;16.87;2.4;-5.1;231;2.4;0.58;27.13;70.27;8.26;0;0;0.8;1.8;5.8;4.3
30/03/2021 00:00;21.35;28.41;15.86;4.4;-0.1;196;1.75;0.86;33.9;54.34;20.4;0;0;0.4;1.4;4.1;3.1
29/03/2021 00:00;19.44;26.3;12.91;9.2;5.9;164;1.16;0.34;53.74;77.23;34.6;0.4;10;0.4;1.3;3.4;2.6
28/03/2021 00:00;17.81;25.75;13.31;7.2;2.8;146;1.04;0.47;51.18;74.47;32.08;0.2;5;0.4;2.3;6.8;2.4
27/03/2021 00:00;18.63;28.4;11.31;6.2;2.4;202;1.28;0.21;48.09;84.57;20.16;0.2;0;0;0.6;1.8;2.6
26/03/2021 00:00;15.98;25.12;8.41;7.7;4.8;228;0.85;0.05;62.67;94.9;27.86;0;0;0;0.5;1.7;2.7
25/03/2021 00:00;15.34;25.19;7.39;6.4;-5.8;279;0.87;0.04;63.34;95.48;13.84;0;0;0.1;0.6;1.7;3.1
24/03/2021 00:00;15.05;23.97;7.79;7.4;4.9;274;0.76;0.06;64.11;93.77;32.7;0;0;0.1;0.8;3.1;3.1
23/03/2021 00:00;13.61;22.32;5.5;5.3;3.3;276;0.75;0.04;62.64;95.13;29.44;0;0;0.1;1.2;3.3;3
22/03/2021 00:00;11.23;19.59;3.08;3;-2.5;273;0.63;0.06;62.31;92.84;23.79;0;0;0.1;0.6;2;2.7
21/03/2021 00:00;9.15;15.44;4.44;3.8;0.3;252;0.37;0;72.97;100;39.13;0.2;0;0.3;1.4;3.5;2.5
20/03/2021 00:00;7.35;11.59;4.76;6.7;4.7;37;0.03;0;96.4;100;77.35;34;270;0.4;2.3;4.6;0.8
19/03/2021 00:00;13.32;19.53;8.19;9.3;6.1;201;0.37;0.01;78.77;98.97;46.33;0;15;0.5;2.5;5.6;2.5
18/03/2021 00:00;15.07;21.71;11.54;9.9;4.3;202;0.49;0.06;72.82;95.41;49.48;0;0;0.1;0.8;3.5;2.5
17/03/2021 00:00;15.98;22.05;11.22;7.4;5.2;168;0.81;0.34;58.14;74.83;41.94;0;0;0.3;1.2;2.7;2.3
16/03/2021 00:00;16.68;23.53;11.34;8;4.9;229;0.87;0.11;59.66;92.15;33.82;0;0;0.4;1.1;2.5;2.9
15/03/2021 00:00;16.17;23.63;9.54;9.5;7.4;211;0.71;0.06;68.31;95.03;38.4;0;0;0.1;0.8;2.2;2.5
14/03/2021 00:00;13.56;21.95;5.69;9.1;5.6;241;0.46;0;77.87;100;38.53;0;0;0.1;0.6;2.1;2.6
13/03/2021 00:00;13.68;20.65;9.32;9.8;8;242;0.37;0;79.75;99.36;52.81;0;0;0.1;0.7;2.6;2.7
12/03/2021 00:00;12.27;19.76;4.73;7.7;3.7;238;0.42;0.03;76.8;96.74;41.36;0;0;0.1;1;2.3;2.5
11/03/2021 00:00;12.15;20.45;3.49;3.9;-2;245;0.66;0.06;61.89;93.57;23.39;0;0;0.1;0.7;3.1;2.4
10/03/2021 00:00;10.7;17.76;3.66;5.3;2.1;230;0.43;0;73.58;100;39.33;0;0;0.2;0.8;2.6;2.3
09/03/2021 00:00;10.12;16.89;6.94;6.9;3.6;160;0.25;0;83.28;100;42.84;1;345;0.1;1;2.7;1.8
08/03/2021 00:00;10.21;13.2;8.76;9.9;8.7;62;0.01;0;98.85;100;84.06;13.8;455;0.1;0.9;2.8;1
07/03/2021 00:00;11.54;18.19;7.95;9.6;7.5;106;0.16;0;89.6;100;53.86;4;215;0.3;1.8;5;1.5
06/03/2021 00:00;12.21;17.46;9.13;9.9;8;135;0.2;0;87.09;100;59.35;8;200;0.2;1.1;3.3;1.7
05/03/2021 00:00;13.11;18.68;9.71;10.2;6.4;121;0.26;0;84.92;100;47.57;5;280;0.2;1.4;3.6;1.6
04/03/2021 00:00;14.22;21.68;8.99;8.5;5.3;140;0.53;0.02;71.17;98.09;39.58;0;0;0.2;1.3;3.6;1.8
03/03/2021 00:00;13.52;19.05;9.26;8.2;6.6;188;0.48;0.1;72.06;91.1;49.28;0;0;0.5;1.5;5;2.2
02/03/2021 00:00;11.96;19.25;5.54;8;5.1;191;0.36;0;80.36;100;42.53;0.2;0;0.1;0.6;2.4;2
01/03/2021 00:00;11.94;19.02;8.48;8.7;7.2;165;0.28;0;82.96;100;49.53;2.4;85;0.2;1.1;3.4;1.9
28/02/2021 00:00;10.85;19.03;6.15;7.6;4.7;122;0.27;0;82.74;100;47.85;5.2;100;0.1;1.9;3.8;1.5
27/02/2021 00:00;12.15;18.09;8.64;8.6;6.6;145;0.3;0.05;80.22;95.73;56.89;0;0;0.1;1.1;2.2;1.7
26/02/2021 00:00;11.87;17.32;9.2;9.8;6.9;108;0.17;0;88.81;100;50.95;3.2;550;0.1;0.8;2.2;1.4
25/02/2021 00:00;12.83;20.3;6.08;7.1;3.8;168;0.5;0;71.36;100;37.07;3.2;70;0.1;0.7;2.3;1.7
24/02/2021 00:00;12.89;20.78;6.93;5.2;2.1;184;0.64;0.2;61.33;83.97;38.88;0;0;0.6;1.4;3.3;2.2
23/02/2021 00:00;10.87;18;4.59;2.6;-2.4;192;0.6;0.03;61.74;96.3;28.15;0;0;0.5;1.6;4.6;2
22/02/2021 00:00;10.01;16.38;5.97;4.9;3;166;0.37;0.1;72.86;90.4;41.8;0;0;0.5;1.3;3.6;1.7
21/02/2021 00:00;9.99;13.09;6.33;6.2;2.5;71;0.27;0.01;79.1;98.99;49;8.8;50;0.8;3;6.6;1.2
20/02/2021 00:00;16.29;26.8;8.93;4.1;-2.9;174;1.11;0.07;51.37;94.4;16.02;0;0;0.1;1.1;2.3;1.8
19/02/2021 00:00;14.09;22.81;7.41;8.2;2.6;173;0.57;0.04;71.06;96.24;36.51;0;0;0.1;0.7;2;1.8
18/02/2021 00:00;13.48;22.54;7.47;9.4;3;175;0.4;0;80.91;100;29.35;0;0;0.1;0.9;2.2;1.8
17/02/2021 00:00;13.75;23.73;6.17;7.4;3.8;172;0.62;0.03;70.05;96.92;32.08;0;0;0.1;1.2;3.2;1.8
16/02/2021 00:00;14.27;24.5;5.93;5.1;0.5;169;0.83;0.12;58.19;89.57;23.39;0;0;0;0.5;1.2;1.6
15/02/2021 00:00;14.74;22.24;8.25;2.7;-1.9;171;0.98;0.41;45.47;65.64;30.14;0;0;0.4;1.2;2.6;1.9
14/02/2021 00:00;14.68;22.58;6.84;1.1;-4.9;173;1.05;0.28;42.4;78.79;23.85;0;0;0.3;1;3.1;1.8
13/02/2021 00:00;12.6;20.75;6.75;8.7;5.3;165;0.36;0;79.94;100;39.69;0;0;0.1;0.8;2.8;1.6
12/02/2021 00:00;13.12;19.77;9.59;10.1;8.4;145;0.28;0;84.25;100;48.27;0;0;0.1;0.6;1.8;1.5
11/02/2021 00:00;13.82;23.44;6.53;9.8;5.7;153;0.43;0;81.82;100;32.6;0.2;0;0.1;0.6;1.4;1.5
10/02/2021 00:00;12.88;19.94;7.11;10;7.1;148;0.28;0;85.04;100;54.39;0;0;0.1;0.9;3.5;1.5
09/02/2021 00:00;12.49;16.92;8.06;10.4;8;79;0.19;0;88.99;100;65.58;4.6;355;0.4;2;5;1.1
08/02/2021 00:00;11.06;16.94;4.9;7.4;4.1;125;0.29;0;80.35;100;56.41;1.2;90;0.7;2.1;7.8;1.4
07/02/2021 00:00;8.57;13.6;5.43;6.6;4.6;85;0.13;0.01;88.68;98.91;58.97;3.8;275;0.6;2;5;1.1
06/02/2021 00:00;9.01;14.15;6.18;6.8;5.2;93;0.15;0;87.13;100;58.08;6.2;120;0.5;1.7;4;1.1
05/02/2021 00:00;11.09;14.93;8.81;7.7;4.1;47;0.25;0;82.16;100;50.29;0.2;30;0.3;1.7;3.8;0.9
04/02/2021 00:00;14.14;21.67;8.01;8.6;3;96;0.52;0;72.46;100;36.45;0;0;0.1;0.6;3.1;1.1
03/02/2021 00:00;12.36;19.67;7.33;9.9;6.3;120;0.22;0;86.52;100;59.19;0.2;0;0;0.7;1.8;1.2
02/02/2021 00:00;13.5;24.52;5.89;8.1;-0.2;133;0.56;0;75.7;100;22.88;0;0;0;0.5;1.5;1.2
01/02/2021 00:00;12.69;20.66;7.04;9.3;7;128;0.33;0;83.31;100;43.51;0.2;0;0;0.5;1.3;1.2
31/01/2021 00:00;12.45;18.01;9.19;9.8;6.8;120;0.23;0;86.24;100;52.37;0.6;455;0.1;0.8;2;1.2
30/01/2021 00:00;12.5;16.78;9.87;11;9.3;80;0.13;0;91.36;100;71.18;0.4;300;0.2;1.1;3;1
29/01/2021 00:00;16.11;26.41;10.03;11.1;4.9;126;0.56;0.02;75.62;98.5;27.07;0;0;0.1;0.8;2.5;1.3
28/01/2021 00:00;15.47;26.85;8.62;11.5;8.5;121;0.49;0;81.77;100;36.55;0.2;0;0;0.3;0.8;1.2
27/01/2021 00:00;13.57;22.6;8.35;11.3;8.2;115;0.25;0;88.4;100;55.92;0;0;0;0.4;1.3;1.2
26/01/2021 00:00;13.25;20.7;8;10.2;7.8;116;0.3;0;83.79;99.51;53.31;0;0;0;0.5;1.6;1.1
25/01/2021 00:00;12.72;19.25;7.93;9.4;7.6;113;0.3;0;82.43;99.43;49.46;0;0;0.1;0.7;1.8;1.1
24/01/2021 00:00;10.94;17.47;5.46;8.4;5.3;107;0.22;0;86.85;100;56.25;0.2;0;0.1;0.9;2.8;1
23/01/2021 00:00;11.6;17.52;7.34;9.9;7.3;115;0.15;0;90.78;100;64.6;0.4;600;0.1;0.6;2.3;1.1
22/01/2021 00:00;12.57;17.28;8.83;11.1;8.7;45;0.13;0;92.13;100;67.72;6;190;0.4;1.6;4.4;0.9
21/01/2021 00:00;12.32;18.04;9.52;10.3;8.4;91;0.18;0;89.35;100;64.19;2.4;450;0.3;1.4;3.4;1.1
20/01/2021 00:00;9.96;16.88;3.46;3.6;-0.2;110;0.45;0.01;68.54;98.87;32.82;6;140;0.4;2.1;5.5;1.1
19/01/2021 00:00;9.54;19.09;3.14;2.5;-0.5;112;0.5;0.08;65.33;90.97;29.08;0;0;0;0.5;2.1;0.9
18/01/2021 00:00;9.02;20.21;2.43;1;-2.2;112;0.56;0.04;61.83;95.16;22.63;0;0;0;0.3;1.5;0.8
17/01/2021 00:00;7.81;16.59;2.49;2.9;-0.6;104;0.33;0;75.29;99.67;34.39;0;0;0.1;1.3;2.2;0.8
16/01/2021 00:00;6.75;15.72;0.56;3.8;0.5;105;0.21;0;84.6;100;42.56;0.2;0;0;0.5;1.4;0.8
15/01/2021 00:00;6.18;14.3;0.95;3.4;0.9;103;0.19;0;85.52;100;44.36;0;0;0;0.5;1.5;0.8
14/01/2021 00:00;5.42;13.01;0.24;2.9;-0.4;103;0.16;0;86.35;100;50.84;0.2;0;0.1;1;2.2;0.8
13/01/2021 00:00;5.87;13.62;1.07;1.9;-2;105;0.24;0;78.33;100;46.25;0.2;0;0.1;0.9;2.1;0.8
12/01/2021 00:00;5.77;12.19;0.1;1.7;-1.3;104;0.24;0;78.39;99.67;40.13;0;0;0.1;0.9;3;0.8
11/01/2021 00:00;4.61;9.26;1.81;3.1;1.6;73;0.08;0;91.42;100;68.21;5.6;20;0.4;1.4;3.4;0.7
10/01/2021 00:00;5.5;10.5;3.25;3.8;1.3;74;0.09;0;90.22;100;57.46;22.6;65;0.9;2.4;5.9;0.9
09/01/2021 00:00;7.92;11.31;4.8;5.9;3;63;0.12;0;88.38;99.23;59.44;13;225;1.2;2.7;7.6;0.9
08/01/2021 00:00;13.24;16.37;10.97;11.3;9.2;53;0.16;0;89.26;100;72.08;14.8;435;0.6;2.2;5.7;0.9
07/01/2021 00:00;14.89;19.45;12.79;12.9;10.3;58;0.19;0;89.2;100;66.42;7;425;0.5;2;5;0.9
06/01/2021 00:00;12.47;15.23;10.24;11.5;8.7;35;0.08;0;95.11;100;65.36;17.4;755;0.2;1.7;4.9;0.7
05/01/2021 00:00;8.05;11.89;2.66;6.5;1.1;28;0.09;0;90.61;100;70.33;24.2;665;0.2;1.5;4.2;0.6
04/01/2021 00:00;4.36;12.39;-1.29;-0.1;-2.6;94;0.25;0.01;76.4;98.13;35.87;0;0;0;0.4;1.6;0.6
03/01/2021 00:00;5.91;13.19;1.46;1.4;-2.8;94;0.26;0.01;76.97;98.39;33.39;0;0;0;0.4;1.4;0.7
02/01/2021 00:00;7.05;10.38;3.06;5.3;2.5;65;0.1;0;90.28;100;59.98;10.6;670;0.3;1.3;3.4;0.7
01/01/2021 00:00;6.46;10.65;1.54;4.1;-1;43;0.13;0;86.42;100;56.92;10.4;660;0.4;1.9;4.1;0.7
31/12/2020 00:00;5.57;12.41;1.37;2.6;-0.7;92;0.18;0;84.38;100;44.03;0;220;0.1;0.9;2.5;0.7
30/12/2020 00:00;8.42;14.29;2.95;6.4;2.4;71;0.13;0;88.92;100;57.1;1;640;0;0.6;1.5;0.7
29/12/2020 00:00;8.86;10.39;7.83;7.7;4.6;26;0.07;0;93.29;100;74.43;5;945;0.4;1.4;3.8;0.6
28/12/2020 00:00;9.85;14.04;4.96;6.5;3.5;92;0.24;0;82.03;100;51.57;0;165;0.4;1.5;3.4;0.8
27/12/2020 00:00;10.29;18.64;5.02;5;3.1;92;0.41;0.03;73.68;96.21;37.77;0;0;0.1;1;2.5;0.8
26/12/2020 00:00;11.13;16.35;6.26;5.7;4.1;89;0.41;0.03;70.9;96.59;49.43;0;0;0.2;0.8;2.2;0.8
25/12/2020 00:00;10.29;18.95;5.23;7.6;4.7;83;0.23;0;85.66;99.67;47.2;0;0;0;0.5;1.1;0.7
24/12/2020 00:00;10.51;18.21;5.56;7;3.4;88;0.29;0.01;80.82;98.55;47.95;0;0;0;0.5;1.4;0.8
23/12/2020 00:00;12.87;23.65;6.84;6.5;1.4;89;0.55;0.04;70.07;95.77;25.49;0;0;0;0.5;1.8;0.7
22/12/2020 00:00;12.71;22.12;7.16;8.1;5.3;87;0.44;0.02;76.98;97.39;33.6;0;0;0;0.6;1.7;0.8
21/12/2020 00:00;11.77;16.97;7.13;9.1;7.1;87;0.24;0;85.77;100;59.12;0.2;0;0.1;1;3.2;0.8
20/12/2020 00:00;12.41;16.47;9.67;9.4;7.2;56;0.25;0.03;83.34;96.88;57.13;0;0;0;0.9;2.1;0.7
19/12/2020 00:00;9.94;15.99;5.1;7.2;4.7;81;0.21;0;85.29;100;56.07;0;0;0;0.5;1.6;0.7
18/12/2020 00:00;9.55;16.75;4.73;6;3.2;88;0.27;0.01;82.02;98.61;41.24;0.2;0;0;0.6;2;0.7
17/12/2020 00:00;10.23;16.19;6.29;7.5;6;81;0.21;0;85.23;100;53.34;0;0;0.1;0.6;2;0.7
16/12/2020 00:00;12.25;17.71;8.73;9.9;8.2;64;0.21;0;87.27;100;64.09;4.8;780;0.2;1.1;3.3;0.8
15/12/2020 00:00;13.47;18.74;9.96;11.6;9.9;81;0.17;0;90.05;100;62.68;0;0;0;0.4;1.8;0.8
14/12/2020 00:00;14.88;20.12;12.29;12;9.5;78;0.29;0;85.17;100;54.13;0.2;570;0.2;1.5;5.1;0.9
13/12/2020 00:00;13.79;19.26;10.42;12.4;9.5;83;0.14;0;92.48;100;65.49;0.2;880;0;0.5;1.8;0.8
12/12/2020 00:00;14.44;19.18;11.21;12.8;11.2;99;0.17;0;91.29;100;64.58;0.2;460;0.1;0.6;1.7;0.9
11/12/2020 00:00;14.45;17.19;12.36;12.9;10.5;40;0.14;0.02;91.09;98.58;83.19;0.2;25;0.3;1.4;4.3;0.7
10/12/2020 00:00;11.97;16.98;7.28;10.4;7.2;83;0.14;0;91.56;100;70.4;0.2;650;0.3;1.3;4.1;0.8
09/12/2020 00:00;11.23;13.76;8.52;11;8.5;43;0.01;0;99.41;100;95.03;5.8;840;0.2;1.3;3.6;0.6
08/12/2020 00:00;12.33;16.17;10.46;10.5;9.1;63;0.16;0;89.51;100;69.83;6.2;695;0.6;1.8;4.3;0.8
07/12/2020 00:00;10.94;15.51;6.02;7.3;5.3;81;0.29;0;80.26;100;55.84;0;60;0.5;2;3.6;0.9
06/12/2020 00:00;8.2;13.02;4.82;7;4.8;72;0.08;0;93.2;100;64.21;3.6;545;0.3;2;4.6;0.7
05/12/2020 00:00;7.1;9.86;5;6.8;4.9;42;0.01;0;98.39;100;83.84;30;1165;0.5;2.1;4.9;0.6
04/12/2020 00:00;12.38;17.05;8.2;9.2;6.6;49;0.26;0;82.21;100;54.95;20.8;240;1;2.5;6.6;1
03/12/2020 00:00;12.49;21;7.43;4.2;1.5;95;0.66;0.1;60.74;90.84;29.38;0;0;0.1;1.1;3.1;0.9
02/12/2020 00:00;13.93;23.63;9.05;4.3;-0.4;97;0.81;0.23;56.39;80.39;23.16;0;0;0;0.6;2;0.8
01/12/2020 00:00;13.8;22.99;7.91;6.2;2.7;96;0.67;0.12;64.61;88.25;27.56;0;0;0;0.5;1.1;0.8
30/11/2020 00:00;12.97;20.46;7.54;7.2;4.7;96;0.5;0.09;70.26;92.75;40.02;0;0;0;0.3;1.7;0.8
29/11/2020 00:00;13.92;20.25;9.63;6.2;3;101;0.65;0.14;62.54;89.83;33.57;0;0;0.1;0.9;2;0.9
28/11/2020 00:00;11.27;16.28;8.44;7.6;6.1;73;0.29;0.01;80.08;99.03;56.59;3.8;360;0.6;1.7;5.2;1
27/11/2020 00:00;9.3;13.69;5.89;5.8;4;74;0.24;0.09;79.71;90.05;55.5;0;0;0.3;1.6;3.3;0.8
26/11/2020 00:00;9.53;12.35;7.09;6.4;3.5;34;0.21;0;82.13;100;58.74;26;540;0.9;2.5;8.1;0.8
25/11/2020 00:00;14.38;22.53;7.5;6;0.1;104;0.74;0.01;66.1;98.91;24.33;0.2;60;0.3;1.9;6.1;1.1
24/11/2020 00:00;15.19;24.54;8.7;3.7;-1.7;106;0.97;0.02;51.86;97.75;18.81;0;0;0.1;1;2.3;0.9
23/11/2020 00:00;15.02;24.79;8.39;2.2;0.4;102;1.07;0.41;44.42;62.32;23.48;0;0;0;0.5;1.4;0.8
22/11/2020 00:00;15.25;23.38;9.81;1.9;-4.5;106;1.06;0.42;44.12;66.07;22.08;0;0;0.3;1.1;2.8;1.2
21/11/2020 00:00;16.41;25.04;9.59;3.4;2.3;106;1.14;0.39;43.8;66.7;24.9;0;0;0.1;1;2.2;1.1
20/11/2020 00:00;17.11;26.94;10.89;5;2.2;106;1.14;0.36;48.09;74.02;20.97;0;0;0.2;1;2.4;1.2
19/11/2020 00:00;17.55;23.44;13.38;7.4;5;108;0.99;0.36;53.28;76.48;32.6;0;0;0.6;1.3;3.4;1.6
18/11/2020 00:00;18.55;26.42;11.13;3.6;-1.2;112;1.42;0.43;40.44;67.31;18.07;0;0;0.3;1.4;3.5;1.3
17/11/2020 00:00;19.64;30.18;13.21;5;1.1;112;1.52;0.48;42.37;69.17;16.38;0;0;0;0.3;2;1
16/11/2020 00:00;20.95;30.19;14.68;7.5;4.9;113;1.52;0.52;44.69;68.79;22.21;0;0;0.1;0.9;3;1.2
15/11/2020 00:00;20.67;31.21;14.59;9.3;4.4;109;1.35;0.2;53.09;87.85;21.13;0;0;0;0.9;2;1.2
14/11/2020 00:00;18.61;25.78;13.87;13.3;12.3;111;0.64;0.07;73.78;95.39;45.07;0.2;0;0.1;0.8;2.1;1.3
13/11/2020 00:00;18.13;25.7;14.64;9.1;4;74;0.92;0;58.93;99.47;29.71;1.4;110;0.1;0.9;2.1;1
12/11/2020 00:00;17.8;27.76;12;2.8;-1.7;91;1.35;0.41;39.76;70.48;15.16;0;0;0;0.3;1.3;1
11/11/2020 00:00;16.59;26.79;10.87;6.4;2.7;128;0.98;0.22;54.9;83.42;22.64;0;0;0;0.5;1.8;1.2
10/11/2020 00:00;15.87;21.92;11.31;12.3;10.9;120;0.38;0;81.55;99.58;53.42;0;0;0;0.5;1.4;1.3
09/11/2020 00:00;14.9;21.74;10.06;11.5;9.4;120;0.36;0.01;82.46;98.61;55.63;0;0;0;0.6;1.6;1.3
08/11/2020 00:00;17.03;25.96;10.99;9.5;3.9;126;0.81;0.07;66.57;94.08;24.23;0;0;0;0.5;2;1.3
07/11/2020 00:00;16.79;22.8;12.02;11.1;9.7;132;0.61;0.11;70.81;92.22;46.63;0;0;0.2;1.3;3.1;1.4
06/11/2020 00:00;17.24;28.24;11.02;10.7;6.2;131;0.75;0.02;69.54;97.91;25.5;0.4;105;0.1;0.7;2.6;1.4
05/11/2020 00:00;16.62;25.07;12.52;11.8;4.5;113;0.52;0.01;76.52;99.02;27.07;0.6;165;0.2;1.4;2.7;1.4
04/11/2020 00:00;15.27;23.43;12.17;13.1;9.9;87;0.23;0;88.53;100;49.76;20.4;300;0.2;1.5;6.2;1.2
03/11/2020 00:00;16.79;25.62;9.83;9;5;135;0.81;0.02;63.64;98.45;27.16;0;0;0;0.7;3;1.4
02/11/2020 00:00;18.12;28.28;10.42;4.9;0.4;138;1.31;0.38;46.43;76;18.04;0;0;0;0.4;1;1.3
01/11/2020 00:00;17.63;26.77;10.35;8.6;3.5;136;0.99;0.25;59.61;83.23;24.93;0;0;0;0.4;1.4;1.4
31/10/2020 00:00;19;28.63;12.51;8;2.9;139;1.21;0.33;52.23;77.28;21.58;0;0;0;0.6;1.6;1.4
30/10/2020 00:00;19.9;29.43;13.28;6.2;3.1;108;1.45;0.39;43.31;74.05;20.9;0;0;0;0.5;1.9;1.3
29/10/2020 00:00;17.39;28.19;9.81;7.4;4;147;1.07;0.14;57.8;88.68;21.97;0;0;0;0.5;1.9;1.5
28/10/2020 00:00;14.08;22.48;7.58;7.6;5;147;0.63;0.03;69.14;96.73;37.55;0;0;0;0.4;1.3;1.4
27/10/2020 00:00;13.87;20.01;9.22;9.2;4.8;146;0.43;0;76.84;100;45.33;0;0;0;0.5;1.7;1.5
26/10/2020 00:00;12.63;17.07;9.47;11.8;9.3;47;0.07;0;95.22;100;69.42;2.2;300;0.1;0.9;2.2;0.9
25/10/2020 00:00;15.17;23.05;9.07;10.4;6.5;153;0.51;0;77.49;99.83;35.67;0;0;0.1;0.6;1.7;1.6
24/10/2020 00:00;15.61;23.65;9.33;10.4;7.2;155;0.56;0;76.11;100;36.01;0.2;0;0.1;0.5;1.9;1.6
23/10/2020 00:00;15.83;20.76;13.01;13.1;11.1;98;0.29;0;85.33;99.86;57.64;0;0;0;0.5;1.4;1.3
22/10/2020 00:00;15.78;16.87;13.79;15.3;13.5;42;0.04;0;97.32;100;81.83;16;820;0.1;0.6;1.8;0.9
21/10/2020 00:00;18.67;22.03;16.08;15.1;12.7;67;0.43;0;81.73;100;56.11;7.2;705;0.1;0.7;2.4;1.2
20/10/2020 00:00;23.35;33.81;13.99;5.9;-0.6;136;2.1;0.62;37.75;61.51;11.76;0;0;0.3;1.3;4.1;2.1
19/10/2020 00:00;21.8;31.29;14.96;4.9;0.8;159;1.84;0.83;35.52;58.07;15.9;0;0;0.1;0.7;2.7;1.8
18/10/2020 00:00;19.56;31.66;9.33;5.3;-1.2;171;1.58;0.16;47.51;87.69;12.56;0;0;0.1;0.7;1.6;1.8
17/10/2020 00:00;15.94;23.92;9.13;8.9;7.7;173;0.72;0.09;66.49;92.24;39.13;0;0;0.1;0.5;2.1;1.9
16/10/2020 00:00;16.2;22.56;10.53;9.4;6.4;167;0.68;0.08;66.43;93.6;42.32;0;0;0.1;0.7;2.1;1.9
15/10/2020 00:00;17.07;23.27;12.71;9.4;7.2;177;0.78;0.27;62.58;81.12;38.91;0;0;0.2;0.8;3.1;2
14/10/2020 00:00;16.64;24.6;9.48;10.7;5.4;189;0.65;0.01;72.17;99.1;31.95;0.2;0;0.3;1.3;3.1;2.2
13/10/2020 00:00;19.31;29.42;12.14;9.9;-2;193;1.09;0.06;62.41;95.61;14.89;0;0;0.1;0.8;2.3;2.1
12/10/2020 00:00;21.01;30.67;13.65;10.3;4.4;195;1.34;0.12;56.88;92.79;19.96;0;0;0.1;0.5;1.9;2.3
11/10/2020 00:00;22.1;30.35;15.33;10.7;7.7;191;1.48;0.39;51.73;80;25.12;0;0;0.1;0.7;2.1;2.3
10/10/2020 00:00;22.92;31.97;15.72;11.7;6.8;189;1.52;0.38;53.8;79.23;21.69;0;0;0.1;0.6;1.7;2.3
09/10/2020 00:00;22.88;32.13;15.92;10.4;7.9;191;1.63;0.61;48.11;70.78;22.85;0;0;0.1;0.6;2.1;2.3
08/10/2020 00:00;23.23;32.94;14.53;8.4;5.3;195;1.9;0.63;42.29;67.54;20.14;0;0;0.1;0.7;2;2.3
07/10/2020 00:00;21.53;31.88;11.94;8.3;5.2;206;1.66;0.32;48.62;78.45;19.44;0;0;0;0.6;1.5;2.3
06/10/2020 00:00;18.37;27.22;10.15;9.2;7.2;211;1.06;0.08;60.35;93.03;29.31;0;0;0.1;0.8;3;2.4
05/10/2020 00:00;16.9;25.37;10.51;10.9;7.9;208;0.67;0;71.52;99.78;36.67;0;0;0.2;0.7;2;2.5
04/10/2020 00:00;15.87;24.71;8.78;8.3;3.1;218;0.77;0.03;65.97;96.82;27.77;0;0;0.1;0.7;1.8;2.4
03/10/2020 00:00;15.29;18.71;12.38;11.6;6.8;74;0.35;0;80.1;100;61.63;5.4;340;0.1;0.9;2.7;1.2
02/10/2020 00:00;18.5;23.26;13.95;13.1;10.6;137;0.62;0.15;72.54;90.54;45.66;1.8;135;0.4;1.2;3;2
01/10/2020 00:00;20.06;28.43;13.95;13.2;8.5;211;0.88;0.08;69.46;94.99;30.78;0;265;0.2;0.7;2.4;2.7
30/09/2020 00:00;22.79;31.63;16.46;13.4;8.4;214;1.32;0.37;59.07;80.95;25.07;0;0;0.1;0.7;2.3;2.8
29/09/2020 00:00;24;33.67;16.32;12.1;9;217;1.72;0.32;51.6;82.26;25.04;0;0;0.1;0.6;2.1;2.9
28/09/2020 00:00;21.04;31.24;12.68;12.3;8.7;230;1.2;0.02;63.29;98.73;27.23;0;345;0.1;0.8;2.9;3
27/09/2020 00:00;19.08;27.26;10.69;10.1;5.6;232;1.05;0.13;60.96;89.7;29.41;0;0;0.1;0.7;2;2.8
26/09/2020 00:00;20.12;27.79;13.52;9.7;3.9;236;1.21;0.22;55.44;86.96;22.63;0;0;0.2;0.7;2.5;2.9
25/09/2020 00:00;24.45;32.17;18.3;11.2;8.4;224;1.8;0.81;44.8;62.54;26.76;0;0;0.2;0.8;2.9;3.1
24/09/2020 00:00;26.81;37.07;19.15;8.6;4.6;217;2.56;1.11;34.15;50.09;13.77;0;0;0.1;0.9;2.4;2.9
23/09/2020 00:00;23.07;34.91;17.29;12;5.2;177;1.54;0.15;56.43;92.74;18.25;15;305;0.1;0.7;2.3;2.6
22/09/2020 00:00;21.63;31.95;15.85;13.7;8.5;218;1.13;0.04;66.87;97.6;25.54;12.6;130;0.1;0.6;1.7;3
21/09/2020 00:00;21.4;30.37;13.9;11.9;6.4;240;1.25;0.2;60.15;87.88;23.3;2.2;95;0.1;0.6;1.6;3.1
20/09/2020 00:00;21.17;29.79;14.06;13.9;9;243;1.01;0.05;67.79;96.47;35.29;0;0;0.2;0.8;2.4;3.3
19/09/2020 00:00;21.78;29.45;16.53;15.2;13.5;242;0.92;0.13;69.02;92.83;38.69;4;70;0.1;0.7;2.6;3.4
18/09/2020 00:00;22.33;29.2;18.68;16.3;13.2;190;0.87;0.15;70.94;93.4;39.07;0.4;35;0.2;1.2;3.9;2.9
17/09/2020 00:00;25.15;31.93;19.15;14.1;10.1;123;1.61;0.08;53.67;96.1;30.61;13;215;0.3;1.3;3.2;2.3
16/09/2020 00:00;25.01;33.64;17.08;14.8;10.1;153;1.58;0;58.37;100;25.09;0;0;0.1;0.8;2.4;2.5
15/09/2020 00:00;22.51;30.62;17.15;17;14.1;225;0.87;0;75.08;99.61;37.93;5.6;350;0.1;0.6;1.6;3.3
14/09/2020 00:00;24;30.39;19.21;17.7;16.7;162;0.99;0.21;69.49;90.34;47.79;0;0;0.1;0.7;1.7;2.7
13/09/2020 00:00;25.14;32.79;18.62;17.5;16.1;228;1.26;0.19;65.38;91.03;39.2;0;0;0.1;0.7;2.1;3.5
12/09/2020 00:00;24.48;31.77;18.47;17.2;16;225;1.18;0.2;66.58;90.6;39.48;0;0;0.1;0.8;1.9;3.4
11/09/2020 00:00;25.52;34.9;17.31;14.3;10.7;250;1.76;0.42;54.26;78.74;24.22;0;0;0.1;0.6;2.6;3.6
10/09/2020 00:00;24.66;35.11;15.88;12.8;7;265;1.74;0.03;51.96;97.87;19.45;9.4;140;0.2;0.7;2.1;3.8
09/09/2020 00:00;25.92;34.67;18.86;9.1;3.6;261;2.31;0.91;37.11;57.99;14.68;0;0;0.2;0.7;3;3.6
08/09/2020 00:00;26.55;36.06;17.77;10.5;4.9;267;2.37;0.61;40.96;69.62;14.91;0;0;0.2;0.8;2.5;3.8
07/09/2020 00:00;27.95;35.95;21.23;15.2;12;259;2.16;0.77;48.64;70.34;25.66;0;0;0.2;0.9;3.6;4
06/09/2020 00:00;28.36;35.76;22.79;14.8;11.3;243;2.23;0.92;45.2;68.65;29.24;0;0;0.2;0.8;2.6;3.9
05/09/2020 00:00;29.96;38.96;22.95;14.3;9.4;259;2.77;1.09;42.08;60.98;18.13;0;0;0.2;0.8;3.3;4.1
04/09/2020 00:00;29.68;38.55;22.36;11.6;5.6;262;2.96;1.21;35.76;60.43;13.97;0;0;0.3;0.9;2.7;4.1
03/09/2020 00:00;27.95;35.69;20.57;9.9;6.6;274;2.68;0.7;35.65;71.12;17.1;0;0;0.6;1.4;6.3;4.7
02/09/2020 00:00;23.97;32.41;16.27;13.6;2.6;279;1.48;0.05;60.53;96.98;16.08;0;305;0.1;0.8;2.1;3.9
01/09/2020 00:00;25.66;34.95;18.95;8.7;-5;272;2.26;0.48;38.4;80.51;8.42;0;0;0.3;1.4;3.8;4.1
31/08/2020 00:00;26.97;37.13;18.06;10.9;7.7;267;2.45;0.78;40.63;66.76;17.25;0;0;0.2;0.9;3.4;4.1
30/08/2020 00:00;21.88;30.64;13.44;8.7;5.8;262;1.63;0.33;47.09;78.22;21.76;0;0;0.2;0.7;2.6;3.6
29/08/2020 00:00;21.48;29.52;16.53;13.5;7.1;255;1.04;0.16;64.19;92.02;32.33;0;190;0.3;1;3.3;3.9
28/08/2020 00:00;25.22;34.23;18.14;13;6.7;288;1.79;0.31;50.09;85.91;18.78;0.4;115;0.2;0.8;2.3;4.3
27/08/2020 00:00;31.75;41.87;23.19;6.9;-0.2;268;3.95;1.67;23.86;47.03;8.29;0;0;0.2;1.1;3;4
26/08/2020 00:00;33.18;42.87;23.61;8.9;4;274;4.26;1.7;25.35;47.99;10.35;0;0;0.1;0.7;2.4;4.1
25/08/2020 00:00;30.68;40.06;21.6;13.4;8.2;274;3.1;1.05;38.01;59.2;15.26;0;0;0.1;0.8;2.8;4.2
24/08/2020 00:00;28.18;37.87;19.13;9.9;5.6;275;2.81;1.11;34.45;51.96;18.52;0;0;0.1;0.6;2.5;4
23/08/2020 00:00;28.05;37.2;20.3;13.1;8.4;274;2.43;0.66;44.11;72.03;18.4;0;0;0.1;0.6;1.9;4.3
22/08/2020 00:00;27.47;35.97;19.95;12.8;7;272;2.31;0.55;43.04;77.25;18.96;0;0;0.1;0.6;1.8;4.2
21/08/2020 00:00;27.44;36.74;18.82;11.9;7;272;2.45;0.68;40.23;71.12;23.31;0;0;0.2;0.9;2.3;4.3
20/08/2020 00:00;26.22;36.53;18.8;15.6;12.9;270;1.78;0.42;55.24;81.12;31.1;0;0;0.2;0.7;2.6;4.4
19/08/2020 00:00;26.13;35.23;17.75;15.3;12.9;279;1.79;0.38;54.78;81.08;30.75;0;0;0.2;0.8;2;4.4
18/08/2020 00:00;24.11;33.26;15.84;15.4;14;287;1.4;0.17;62.23;91.18;33.16;0;0;0.2;0.7;4;4.4
17/08/2020 00:00;22.87;31.46;14.54;11.7;5.6;303;1.54;0.18;54.12;89.34;23.3;0;0;0.2;0.9;1.9;4.4
16/08/2020 00:00;21.7;30.61;15.53;12.6;8.5;296;1.22;0.06;62.2;96.14;26.79;0;0;0.2;0.7;2.5;4.4
15/08/2020 00:00;22.49;31.78;16.18;14.2;8.9;298;1.19;0.07;65.44;95.85;25.12;0;0;0.2;0.8;2.1;4.5
14/08/2020 00:00;23.55;32.75;16.69;15.7;11.9;284;1.22;0.05;65.92;97.38;34.96;0;0;0.2;0.8;2.9;4.5
13/08/2020 00:00;22.95;32.72;17.09;16.1;13.1;273;1.08;0.09;69.72;95.11;33.06;1.2;90;0.2;0.8;2.3;4.3
12/08/2020 00:00;22.4;30.13;18.36;15.6;11.1;234;0.99;0.27;69.02;87.31;33.04;0;0;0.2;0.9;2.3;3.7
11/08/2020 00:00;23.28;30.36;18.95;18.4;15.7;187;0.77;0.04;77.12;98.17;45.24;0.2;125;0.2;0.8;2.4;3.2
10/08/2020 00:00;26.31;31.34;21.7;19.7;18.3;199;1.16;0.27;68.52;89.61;51.63;0.8;50;0.2;1.2;3;3.6
09/08/2020 00:00;28.77;39.41;21.06;19.2;13.5;279;1.93;0.27;61.83;89.54;21.81;0;0;0.1;0.6;1.9;4.7
08/08/2020 00:00;27.19;36.37;20.87;19.6;18.7;267;1.44;0.21;66.16;91.22;36.25;0;0;0.1;0.7;1.9;4.6
07/08/2020 00:00;25.54;33.63;20.04;19.4;18.4;243;1.1;0.12;72.08;94.74;43.97;0;0;0.1;0.8;2.4;4.1
06/08/2020 00:00;26.84;36.19;20.68;19;17.5;231;1.43;0.23;65.02;90.24;34.07;0;0;0.1;0.7;2.1;4
05/08/2020 00:00;27.24;36.96;18.72;17;13.4;295;1.86;0.3;58.01;86.1;26.7;2.2;125;0.1;0.6;2.2;4.8
04/08/2020 00:00;25.03;34.59;17.12;12.6;8.9;307;1.86;0.32;50.09;83.26;22.64;3.8;215;0.2;0.7;2.1;4.7
03/08/2020 00:00;26.48;35.64;19.41;9.3;-3;321;2.38;0.53;39.05;76.5;8.41;2.2;100;0.3;1;2.9;5
02/08/2020 00:00;30.74;38.26;23.7;13.1;10.2;278;3.05;1.46;35.65;57.83;21.34;0;0;0.2;1;3;4.7
01/08/2020 00:00;31.78;39.31;26.43;14.7;8.2;256;3.04;1.19;37.62;65.94;21.44;2;0;0.2;1.8;5.7;4.6
31/07/2020 00:00;31.6;39.2;22.81;16.1;7.3;290;2.93;0.57;43.76;79.34;17.42;0;0;0.2;1;2.7;4.9
30/07/2020 00:00;28.98;39.14;19.89;18.7;16.7;300;2.06;0.25;58.35;89;27.57;0;0;0.1;0.7;1.7;5
29/07/2020 00:00;26.84;36.34;19.78;19.2;18;291;1.47;0.14;67.01;93.94;34.06;0;0;0.1;0.6;2.6;4.9
28/07/2020 00:00;26.86;35.98;19.86;17.7;15.7;296;1.62;0.24;60.77;89.78;33.57;0;0;0.2;0.7;3.2;5
27/07/2020 00:00;29.06;37.97;22.86;17.9;11.9;271;2.08;0.58;54.08;79.11;21.89;0;0;0.1;0.6;2;4.6
26/07/2020 00:00;28.58;39.1;20.92;18.2;16.2;301;1.99;0.34;57.21;86.27;27.41;1.6;30;0.1;1.2;3;5.1
25/07/2020 00:00;27.3;36.69;20.05;16.5;14.2;303;1.89;0.61;54.41;78.51;29.66;23.6;190;0.2;0.8;2.8;5
24/07/2020 00:00;27.38;36.48;18.65;16.3;14.2;310;1.95;0.35;54.72;83.36;28.43;0;0;0.2;0.9;4.1;5.1
23/07/2020 00:00;26.94;36.88;18.23;14.9;4.5;313;2.01;0.3;55.62;88.72;14.42;4;135;0.2;0.7;2.3;5
22/07/2020 00:00;26.03;36.23;20.13;16.6;9.5;303;1.61;0.3;61.97;87.61;24.02;8.2;200;0.2;0.7;2.4;5
21/07/2020 00:00;25.69;34.56;19.9;18.2;15.1;271;1.29;0.13;66.73;94.08;32.09;0;180;0.2;0.7;2.7;4.6
20/07/2020 00:00;31.52;41.36;24.08;15.2;11.2;307;3.09;1.17;40.41;62.47;18.26;0.2;10;0.2;1.3;3.3;5.3
19/07/2020 00:00;29.71;38.96;20.06;11.9;6.6;302;3.01;0.87;37.91;66.02;14.96;0;0;0.2;0.7;2.5;4.8
18/07/2020 00:00;28.87;37.13;21.99;15.2;10.3;311;2.36;0.77;47.08;71.7;20.96;0;0;0.2;0.8;2.5;5.1
17/07/2020 00:00;32.65;41.28;26.03;14.9;9.2;297;3.4;1.27;37.42;62.46;15.88;0;0;0.2;1.1;3.1;5.2
16/07/2020 00:00;33.63;43.48;25.78;13.7;7.8;301;3.88;1.66;33.26;49.8;12.55;0;0;0.2;0.9;2.2;5.1
15/07/2020 00:00;30.28;40.24;21.76;14;7.8;294;2.93;1.04;40.35;61.64;15.45;0;0;0.1;0.7;1.8;4.8
14/07/2020 00:00;27.97;36.61;20.07;13.9;7.9;308;2.34;0.77;45.33;68.08;17.96;0;0;0.2;0.8;2.3;4.9
13/07/2020 00:00;28.01;38.03;20.05;15.8;5.5;308;2.13;0.23;53.58;90.18;15.97;0;125;0.2;0.7;2;5.1
12/07/2020 00:00;29.9;36.47;22.95;15.5;12;251;2.53;0.86;43.37;69.23;25.78;0;5;0.2;1.1;2.8;4.4
11/07/2020 00:00;30.42;41.67;20.38;13.2;5.8;290;3.11;0.76;40.47;69.58;12.61;0;0;0.2;1.1;2.4;5
10/07/2020 00:00;25.86;35.75;16.15;13.5;5.7;314;1.99;0.17;53.8;90.85;16.56;0;65;0.2;0.8;2;4.9
09/07/2020 00:00;23.97;33.63;17.39;14.8;8.2;310;1.41;0.04;62.9;97.72;22.37;0.4;470;0.2;0.8;2.9;5
08/07/2020 00:00;29.65;37.84;21.47;10.1;1.9;293;3;0.58;33.16;78.25;15.98;1.2;20;0.2;1.2;3.7;5
07/07/2020 00:00;33.69;44.36;22.16;2.3;-8.6;311;4.92;1.92;16.4;32.79;3.88;0;0;0.1;0.6;1.9;4.4
06/07/2020 00:00;32.18;42.05;22.21;8.8;1.4;309;3.93;1.3;27.25;51.72;8.23;0;0;0.1;0.8;2.6;4.8
05/07/2020 00:00;30.68;42.53;19.39;12;3.6;307;3.37;0.66;38.68;70.86;9.69;0;0;0.1;0.8;2.1;4.9
04/07/2020 00:00;26.04;36.15;16.8;12.8;10.6;302;2.08;0.57;47.57;72.11;22.55;0.2;0;0.1;0.6;1.4;4.7
03/07/2020 00:00;25.07;33.84;17.57;12.6;5.8;305;1.84;0.36;51.24;82.69;18.79;0;0;0.2;0.8;2.3;4.8
02/07/2020 00:00;25.47;34.34;18.42;14.5;9.2;292;1.7;0.23;55.43;89.33;22.11;4;25;0.2;0.8;2.1;4.8
01/07/2020 00:00;27.26;38.27;18.48;15.6;12.7;298;2.08;0.18;53.05;92.07;25.38;3;160;0.1;0.6;1.7;5
30/06/2020 00:00;25.45;35.3;19.93;17;13.6;286;1.42;0.25;62.97;89.45;31.4;17.4;350;0.1;0.8;1.9;4.8
29/06/2020 00:00;26.91;36.28;18.39;16.5;14.6;302;1.87;0.26;57.15;87.78;29.5;0.2;65;0.1;0.6;1.7;5
28/06/2020 00:00;24.17;33.32;15.77;14.3;11.9;309;1.53;0.23;58.55;87.27;28.68;0;0;0.2;0.7;4;4.9
27/06/2020 00:00;22.27;31.74;16.1;14.7;10.6;307;1.11;0.05;68.25;96.86;30.2;11.6;210;0.2;0.9;2.4;4.8
26/06/2020 00:00;21.5;29.69;17.3;15.6;13.2;226;0.85;0.15;72.84;92.44;37.74;0;0;0.2;0.8;2.7;3.7
25/06/2020 00:00;22.42;31.45;17.73;16.6;13.3;247;0.89;0.1;73.62;95.07;34.19;0.4;5;0.2;0.7;2.4;4.1
24/06/2020 00:00;24.8;33.41;18.19;17.3;16.1;312;1.26;0.14;66.74;92.88;37.23;0;0;0.2;0.7;2.4;5.1
23/06/2020 00:00;26.8;34.77;20.38;14.7;10.5;305;1.93;0.4;49.93;85.43;30.06;1.8;0;0.2;0.9;2.5;5.1
22/06/2020 00:00;29.41;41.78;18.99;11.7;5;312;3.04;0.65;39.29;70.09;11.17;0;0;0.2;1.1;3.1;5.1
21/06/2020 00:00;25.4;35.12;15.12;13.6;11.4;315;1.89;0.27;52.42;84.25;28.47;0;0;0.2;0.8;2.4;5
20/06/2020 00:00;22.98;32.25;14.2;13.7;11.8;315;1.38;0.14;60.46;91.67;29.91;0;0;0.2;0.8;4.5;4.8
19/06/2020 00:00;20.48;29.33;14.9;12.8;7.7;281;1.01;0.13;66.54;92.19;27.17;0;0;0.2;0.7;2.7;4.3
18/06/2020 00:00;19.52;26.34;14.47;13.5;11.9;167;0.75;0.18;70.31;88.75;41.93;1.2;35;0.1;0.8;3.4;2.8
17/06/2020 00:00;20.82;29.92;13.88;12.6;9.8;272;1.09;0.14;63.38;91.32;31.09;0;0;0.1;0.8;2.5;4.1
16/06/2020 00:00;20.04;27.74;14.37;11.4;8.2;259;1.05;0.22;60.61;86.35;32.17;0;0;0.2;0.7;2.1;3.9
15/06/2020 00:00;21.37;30.54;12.58;10.5;9.3;325;1.4;0.21;53.97;85.57;27.68;0;0;0.2;0.8;2.6;4.8
14/06/2020 00:00;20.16;28.03;12.74;10.3;8.5;317;1.18;0.31;55.72;78.84;33.29;0;0;0.2;0.9;2.3;4.6
13/06/2020 00:00;20.6;28.03;15.8;12.2;8.5;302;1.04;0.15;61.92;91.25;33.19;0;0;0.2;0.9;3.4;4.6
12/06/2020 00:00;19.33;26.56;13.78;11.8;6.7;299;0.9;0.17;65.26;88.7;28.94;0.2;0;0.5;1.7;6.1;4.6
11/06/2020 00:00;17.84;23.65;13.76;12.5;10.6;163;0.61;0.2;72.49;87.26;45.41;8.2;140;0.3;1.3;4;2.7
10/06/2020 00:00;19.16;28.71;11.68;12.2;9.9;320;0.89;0.06;68.12;95.1;32.08;5.8;185;0.2;0.8;3.2;4.6
09/06/2020 00:00;18.78;26.83;13.3;11.1;7.2;254;0.89;0.15;64.45;90.07;29;0;0;0.1;0.7;2.5;3.8
08/06/2020 00:00;18.67;23.67;15.42;14.3;11.6;168;0.51;0.08;77.06;95.41;59.94;0;0;0.3;1.1;2.5;2.7
07/06/2020 00:00;21.18;27.22;16.96;14;12;257;0.93;0.13;65.84;93.27;42.95;0;0;0.5;1.7;5.7;4.2
06/06/2020 00:00;23.34;31.4;17.75;13.9;10.2;220;1.34;0.04;58.88;97.86;31.64;2;65;0.2;1.2;3.5;3.8
05/06/2020 00:00;22.07;30.12;14.94;12.4;10.2;324;1.31;0.19;57.8;88.23;31.12;0;0;0.2;0.9;3.1;4.9
04/06/2020 00:00;21.2;29.75;15.42;12.9;5;308;1.1;0.02;65.4;98.36;25.79;1.4;255;0.4;1.5;4;4.8
03/06/2020 00:00;22.07;31.93;15.06;12.5;8.8;314;1.34;0.3;59.5;83.93;26.18;5;345;0.2;1;2.7;4.8
02/06/2020 00:00;22.39;32.79;14.58;13.5;12;320;1.29;0.21;60.58;87.24;28.9;0;0;0.2;0.9;2.1;5
01/06/2020 00:00;22.28;30.72;15.62;14.8;13.7;317;1.1;0.13;66.15;92.47;36.5;0;0;0.2;0.7;2.2;4.9
31/05/2020 00:00;23.09;31.45;17.21;15.8;14.3;298;1.09;0.15;66.16;92.29;37.86;0;0;0.2;1.1;3.4;4.8
30/05/2020 00:00;24.79;34.03;19.03;15.6;12.4;283;1.46;0.39;60.21;82.33;30.52;1;110;0.2;0.8;4.2;4.7
29/05/2020 00:00;24.56;33.83;17.85;15.1;5.4;296;1.48;0.22;60.21;88.87;17.36;0;0;0.2;0.7;2.5;4.7
28/05/2020 00:00;26.23;33.85;18.34;14.6;10;269;1.83;0.24;51.23;88.53;26.42;0;0;0.1;0.7;2;4.4
27/05/2020 00:00;28.08;36.76;20.37;12.5;2.3;306;2.48;0.8;42.33;66.56;11.9;0;0;0.1;0.8;2.3;4.7
26/05/2020 00:00;27.79;37.21;19.89;11.7;6.3;313;2.5;1.05;38.78;64.31;21.61;1;60;0.1;0.7;3.4;4.9
25/05/2020 00:00;29.01;38.23;19.26;6.2;1.3;324;3.26;1.23;26.16;44.8;10.69;0;0;0.2;0.9;2.2;4.9
24/05/2020 00:00;28.99;36.93;21.49;4.2;0.5;335;3.33;1.71;22.2;33.5;10.98;0;0;0.5;1.4;3.9;5.5
23/05/2020 00:00;27.6;37.05;17.25;6.5;0.5;323;2.91;0.54;31.4;72.65;11.07;3.2;110;0.2;1.1;3;5
22/05/2020 00:00;25.44;35.69;15.43;11;5.2;317;2.11;0.22;45.88;89.71;15.8;10.2;140;0.1;0.8;2.7;4.8
21/05/2020 00:00;24.41;34.71;13.8;11;1.1;332;1.94;0.22;50.93;89.71;12.58;0;0;0.2;0.7;2.6;4.9
20/05/2020 00:00;24.29;32.67;15.88;8.4;2.8;303;2.08;0.6;40.49;67.44;17.75;0.2;0;0.1;0.9;1.9;4.5
19/05/2020 00:00;23.99;33.62;13.57;7.2;-0.3;333;2.17;0.2;42.87;87.97;12.5;0;0;0.2;1.2;3.9;4.8
18/05/2020 00:00;20.44;30.25;10.83;9.8;1.6;334;1.33;0;59.1;99.75;17.45;0;0;0.1;0.9;2.2;4.6
17/05/2020 00:00;16.96;26.04;8.77;10.6;6.1;321;0.75;0;72.07;100;33.22;0;0;0.1;0.6;2.1;4.2
16/05/2020 00:00;14.23;23.02;9.65;10.4;8.1;172;0.38;0;80.8;100;43.44;1.6;30;0.1;0.7;1.9;2.5
15/05/2020 00:00;12.81;19.59;9.47;9.3;6.5;158;0.31;0;80.93;100;47.4;9.4;5;0.6;2.2;4.9;2.4
14/05/2020 00:00;12.33;18.43;9.69;8.6;4.5;137;0.3;0;80.25;99.64;39.99;10.8;95;0.9;2.6;6.4;2.3
13/05/2020 00:00;15.52;23.28;11.05;11.2;7.3;203;0.45;0;79.2;99.52;38.47;2.4;90;0.6;2.3;6.8;3.1
12/05/2020 00:00;15.82;22.36;10.49;11.3;6.5;194;0.47;0;77.83;100;36.42;9.4;300;0.5;1.9;4.6;3
11/05/2020 00:00;18.32;27.3;10;10.2;6;331;0.95;0.03;64.45;97.12;26.66;0;0;0.3;1;2.8;4.5
10/05/2020 00:00;17.27;23.87;12.86;11.3;8.1;252;0.64;0;71.46;99.96;37.93;2.4;250;0.6;2.1;6.2;3.8
09/05/2020 00:00;17.73;25.88;13.33;12.2;8.6;214;0.64;0.06;73.38;96.08;39.13;0;0;0.2;1;3.3;3.3
08/05/2020 00:00;19.03;27.8;13.34;13.1;11.5;281;0.75;0;71.6;99.45;38.81;0;0;0.2;0.7;2.4;4.1
07/05/2020 00:00;21.51;31.14;14.4;12.4;9.3;290;1.23;0.23;59.97;85.47;26.22;0;0;0.2;1;2.5;4.3
06/05/2020 00:00;20.39;29.67;11.72;11.3;8.8;290;1.17;0.07;60.62;95.06;31.06;0;0;0.1;0.8;2;4.1
05/05/2020 00:00;19.82;27.61;14.92;13.8;9;297;0.78;0.02;71.72;98.62;44.03;0;0;0.2;0.8;2.3;4.4
04/05/2020 00:00;22.85;28.73;16.38;11.5;5.4;307;1.42;0.14;51.18;92.08;28.15;23;75;0.2;0.7;2.8;4.5
03/05/2020 00:00;28.49;40.01;17.28;9;4.3;306;3.07;0.68;33.87;66.35;13.56;0;0;0;1.1;2.7;4.5
02/05/2020 00:00;23.08;33.95;12.33;10.7;5.6;325;1.78;0.1;53.95;93.37;19.18;0;0;0;0.4;1.7;4.5
01/05/2020 00:00;19.46;28.53;10.23;11.8;8.8;319;1;0;67.65;100;30.87;0;0;0.1;0.7;2.4;4.3
30/04/2020 00:00;17.17;26.12;8.53;8.6;0.2;322;0.91;0.02;64.86;97.63;18.96;0;0;0.1;0.7;1.9;4.1
29/04/2020 00:00;17.08;25.01;11.8;11;6.1;276;0.68;0;71.75;100;32.82;0;0;0.1;0.7;2.3;3.8
28/04/2020 00:00;16.57;24.58;11.64;11.3;9.6;219;0.58;0.03;74.51;97.77;41.68;0;0;0.2;1;3.5;3.1
27/04/2020 00:00;16.69;23.63;10.22;9.6;4.1;289;0.75;0.06;67.43;95.04;31.77;0;0;0.2;1.4;4.7;3.8
26/04/2020 00:00;15.36;22;11.52;9.9;6.7;237;0.55;0.04;72.79;96.58;42.52;0;0;0.1;1.3;3.2;3.2
25/04/2020 00:00;13.17;15.49;11.7;11.6;9.7;75;0.13;0.03;90.79;97.92;80.11;2.4;95;0.6;2;4.1;1.3
24/04/2020 00:00;17.37;29.37;11.92;12.2;6.8;172;0.63;0;76.16;100;26.31;36.6;195;0.2;1.4;4.5;2.7
23/04/2020 00:00;17.8;26.72;10.09;10.8;7.1;224;0.82;0;69.34;100;32.29;0;260;0;1.4;2.8;3.1
22/04/2020 00:00;15.17;22.87;7.35;9.3;5.6;310;0.61;0;73.32;100;35.92;0;370;0;0.8;1.7;3.8
21/04/2020 00:00;12.44;17.62;9.24;8.7;1.9;144;0.31;0;81.36;99.6;36.3;9.2;515;1;2.9;7;2.4
20/04/2020 00:00;15.17;22.59;8.9;8.4;5.1;234;0.66;0.03;68.8;96.89;34.57;0.4;25;0.6;1.8;4.1;3.3
19/04/2020 00:00;14.42;20.64;11.7;11.4;7.8;164;0.3;0;84.22;100;45.65;21.4;435;0.5;1.7;5.5;2.5
18/04/2020 00:00;16.75;24.78;10.63;12.4;10.1;199;0.51;0;78.31;99.47;43.5;4.8;70;0.2;1;2.7;2.9
17/04/2020 00:00;17.31;24.98;10.35;9.6;4.7;272;0.84;0.1;64.23;93.41;34.07;0;0;0;0.8;1.6;3.5
16/04/2020 00:00;17.93;27.49;9.24;8.9;6.6;284;1.04;0.03;61.12;97.15;27.97;0;0;0;0.1;2.3;3.6
15/04/2020 00:00;17.44;25.25;12.19;10;8;245;0.81;0.11;64.87;91.99;34.51;0;0;0;0.1;1.1;3.3
14/04/2020 00:00;15.88;24.4;10.74;10;6.3;197;0.6;0.02;71.88;98.08;35.32;0;0;0;0.1;0.7;2.7
13/04/2020 00:00;13.75;17.91;10.74;11.7;9.5;95;0.19;0;88.93;100;63.23;4.2;460;0.2;1.3;3;1.6
12/04/2020 00:00;14.7;16.27;13.35;14;12.9;30;0.06;0;96.32;100;84.73;3.4;715;0;0.5;2.1;0.8
11/04/2020 00:00;18.44;27.09;12.42;12.1;9.5;232;0.76;0.02;69.82;98.62;42.19;0;0;0.1;0.7;2.5;3.3
10/04/2020 00:00;17.7;25.73;13.98;13.7;10.3;191;0.5;0;81.72;100;39.96;0;75;0.1;0.6;1.8;2.8
09/04/2020 00:00;18.77;27.02;14.2;11.3;6.7;183;0.85;0;65.61;100;30.97;1.2;185;0.1;1.1;2.6;2.7
08/04/2020 00:00;19.97;29.22;13.56;13.2;10.1;212;0.9;0.05;68.58;96.45;34.29;0;0;0.1;0.6;2;3.1
07/04/2020 00:00;19.37;28.27;12.26;13.4;11.8;266;0.81;0.01;72.94;99.1;38.03;0;0;0.1;0.7;1.8;3.6
06/04/2020 00:00;18.16;26.22;12.12;13.4;11.7;216;0.58;0.01;76.41;98.86;46.06;0;0;0.1;0.6;1.8;3
05/04/2020 00:00;17.66;26.72;10.35;11.6;7.6;234;0.74;0;72.3;99.74;31.61;0;0;0.1;0.7;1.9;3.1
04/04/2020 00:00;17.63;26.73;9.2;5.8;0.1;173;1.13;0.21;49.08;87.12;22.65;0;0;0.1;0.6;2.1;2.4
03/04/2020 00:00;13.1;22.03;3.63;4.3;0.3;276;0.75;0;61.9;100;26.13;0.2;0;0.3;1.3;3.5;3.2
02/04/2020 00:00;11.02;15.71;7.37;7.4;5.6;129;0.28;0;79.94;99.12;53.69;0.4;15;0.6;2.3;5.8;1.8
01/04/2020 00:00;12.78;19.45;10.58;10.2;6.8;132;0.22;0;86.16;100;49.64;2.6;125;0.4;1.8;3.8;2
31/03/2020 00:00;13.62;20.02;10.1;11.7;8;126;0.17;0;89.31;100;54.93;7.6;205;0.6;2.5;6.1;1.9
30/03/2020 00:00;14.6;23.63;6.03;6.8;2.9;270;0.76;0;66.08;99.69;27.84;0.2;0;0.2;1.2;3.9;3.2
29/03/2020 00:00;13.11;20;7.36;8.5;6.8;161;0.42;0.01;76.07;98.65;48.27;0.2;0;0.1;0.6;1.8;2.1
28/03/2020 00:00;13.16;19.18;9.01;9.2;7.5;173;0.36;0;80.08;100;49.95;0.2;40;0.1;0.8;2.4;2.2
27/03/2020 00:00;11.81;18.72;6.31;8.7;5.6;135;0.27;0;83.78;100;54.01;10.8;155;0.1;1;2.5;1.8
26/03/2020 00:00;13.81;22.5;6.7;7.7;3.9;248;0.59;0;72.24;100;30.11;0.2;0;0.1;1.5;4.4;2.9
25/03/2020 00:00;13.53;20.62;8.77;9.8;7.7;174;0.35;0.01;81.09;98.7;46.13;0;0;0.1;0.8;1.8;2.2
24/03/2020 00:00;11.4;14.47;8.62;9.9;8;64;0.12;0;91.3;99.6;70.09;0.4;165;0.1;1.2;2.7;1.1
23/03/2020 00:00;13;19.64;6.6;8.7;6.4;163;0.4;0;77.87;100;49.58;0;0;0.1;0.8;2.1;2
22/03/2020 00:00;11.76;18.15;7.21;7.2;5.2;153;0.37;0.05;75.14;94.65;51.19;0;0;0.4;1.5;4.5;2
21/03/2020 00:00;11.97;17.77;9.04;7.5;3;174;0.36;0;77.87;100;40.18;4.8;435;0.7;2.4;6.1;2.3
20/03/2020 00:00;12.87;18.98;11.24;11.9;9.9;52;0.08;0;95.17;100;57.85;19.2;1130;0.3;1.8;5.2;1.1
19/03/2020 00:00;15.75;21.32;13.02;10.4;7;98;0.53;0.06;72.89;95.83;41.1;1;260;0.6;1.8;5.1;1.9
18/03/2020 00:00;13.08;22.54;5.76;8.5;5.7;146;0.47;0;79.54;100;36.23;0.8;355;0.3;2.1;5.1;2.1
17/03/2020 00:00;10.76;16.94;4.71;4;0.6;145;0.48;0;67.02;100;34.46;2.2;95;0.1;0.9;1.8;1.7
16/03/2020 00:00;11.37;13.08;8.1;8.3;2.9;48;0.21;0;83.22;100;58.46;1.2;480;0.3;1.3;3.5;1
15/03/2020 00:00;16.18;23.63;11.86;11.5;7.8;187;0.5;0.07;75.88;94.72;48.53;0;0;0.1;0.6;3.4;2.4
14/03/2020 00:00;15.92;23.52;10.5;11.6;9.7;197;0.49;0;78.92;100;47.82;0.4;155;0.1;0.6;2;2.5
13/03/2020 00:00;17.3;25.05;10.44;10.3;5.9;203;0.76;0.05;65.96;95.56;31.89;0;0;0.1;0.6;2.1;2.5
12/03/2020 00:00;19.71;29.31;11.63;3.8;-4.2;245;1.61;0.56;39.99;60.01;11.48;0;0;0.1;0.7;2.7;2.6
11/03/2020 00:00;20.27;31.96;12.12;3;-0.6;197;1.75;0.63;34.47;60.97;13.11;0;0;0.1;0.6;3.2;2.4
10/03/2020 00:00;16.74;27;6.15;0.6;-6.9;232;1.44;0.16;40.14;84.58;13.51;0.2;5;0.3;1.6;4.1;2.7
09/03/2020 00:00;14.41;25.21;5.29;3.9;-3.1;232;0.93;0.05;56.44;93.93;17.77;1;50;0.1;0.7;1.8;2.4
08/03/2020 00:00;14.87;26.31;5.14;1.6;-4.9;231;1.14;0.14;48.23;83.94;14.09;0;0;0.1;0.8;2.5;2.3
07/03/2020 00:00;12.89;21.7;5.12;5.3;2;221;0.66;0.01;65.69;98.06;30.32;0.2;0;0;0.5;1.4;2.2
06/03/2020 00:00;12.22;19.42;6.96;7.3;2.1;193;0.41;0;76.66;100;33.64;3.6;525;0.1;0.6;1.8;2
05/03/2020 00:00;11.45;15.66;6.44;8.9;4.4;67;0.2;0;85.31;99.87;70.63;0.8;50;0.2;0.9;2.8;1.1
04/03/2020 00:00;15.85;26.87;7.75;6.5;2.9;214;0.95;0.07;59.48;93;22.96;0;0;0.1;0.5;1.2;2.3
03/03/2020 00:00;15.98;24.4;9.55;9.1;-2.8;199;0.69;0;70.05;99.61;17.38;0;0;0.1;1;2.3;2.2
02/03/2020 00:00;14.58;20.78;10.19;10.7;9.2;162;0.39;0;80.32;100;48.65;0;0;0.4;1.8;5.2;2
01/03/2020 00:00;15.3;22.53;9.76;10.3;7.7;181;0.52;0.02;75.39;97.58;40.63;0;0;0.1;0.8;2.2;2.1
29/02/2020 00:00;14.87;21.76;8.82;6.5;0.5;193;0.72;0.2;58.76;85.78;41.96;0;0;0.1;0.8;2.2;2.1
28/02/2020 00:00;17.33;28.88;7.63;3.2;-2.1;200;1.38;0.13;46.58;86.91;14.02;0;0;0.1;1.4;3.6;2.1
27/02/2020 00:00;13.24;23.79;4.13;6.3;2.9;194;0.66;0;68.99;99.74;28.53;0;0;0;0.4;1.4;1.9
26/02/2020 00:00;13.19;21.11;8.84;8.1;5.5;191;0.46;0;75.11;100;37.36;0;0;0.1;0.7;1.9;2
25/02/2020 00:00;13.03;21.12;6.17;7.2;0.3;191;0.52;0.01;72.4;98.87;26.5;0;0;0.2;1.2;2.8;2
24/02/2020 00:00;17.32;27.45;9.51;0.7;-3.2;189;1.44;0.45;35.14;61.59;14.61;0;0;0.2;1.3;3.6;2
23/02/2020 00:00;17.58;28.56;7.42;1;-3.7;187;1.5;0.42;36.24;64.27;13.25;0;0;0;0.5;2;1.7
22/02/2020 00:00;16.04;23.91;10.01;6.4;1.9;183;0.91;0.18;57.26;85.26;24.65;0;0;0.5;1.2;4.3;2.3
21/02/2020 00:00;15.7;24.14;8.46;7.2;1.8;178;0.81;0.13;60.57;89.27;24.61;0;0;0.4;1.3;3.1;2.1
20/02/2020 00:00;15.44;25.85;11.37;7.8;2.6;121;0.75;0;65.1;100;22.83;5.6;225;0.2;2.8;7.2;1.7
19/02/2020 00:00;15.06;21.42;11.28;9.2;6.1;168;0.55;0.04;71.54;96.78;40.02;0;0;0.3;1.4;4.7;1.9
18/02/2020 00:00;12.58;19.94;8.55;10;8.3;162;0.25;0;86.57;100;56.83;0;20;0;0.2;1;1.7
17/02/2020 00:00;12.85;22.26;6.2;6.9;0;165;0.5;0.01;69.65;98.92;40.91;0;0;0;0.2;1.3;1.6
16/02/2020 00:00;15.29;26.94;8.37;4.1;-1.9;163;1.02;0.14;51.94;87.71;19.64;0;0;0;0.3;1.1;1.6
15/02/2020 00:00;14.25;23.89;7.62;7.1;3.8;152;0.68;0.13;65.68;89.39;32.48;0;0;0;0.2;0.9;1.5
14/02/2020 00:00;14.06;24.03;6.38;6.2;2.4;156;0.74;0.03;64.8;96.9;29.16;0;0;0;0.2;0.8;1.5
13/02/2020 00:00;13.64;21.61;8.72;9.3;7;153;0.42;0.03;78.29;97.22;39.86;0;0;0;0.2;1.5;1.5
12/02/2020 00:00;14.07;23.08;8.2;7.6;2.6;156;0.61;0.03;68.7;97.07;34.54;0;0;0;0.3;1.4;1.5
11/02/2020 00:00;14.76;24.48;7.54;6.2;2.2;154;0.81;0.07;61.98;92.78;25.27;0;0;0.1;0.7;1.8;1.5
10/02/2020 00:00;12.85;22.7;5.34;6.6;4.1;148;0.59;0.04;70.76;95.48;33.94;0;0;0;0;0.5;1.4
09/02/2020 00:00;12.45;21.62;5.68;7.5;2.8;146;0.46;0;76.13;100;30.45;0;0;0;0.3;0.8;1.3
08/02/2020 00:00;12.89;19.86;7.67;9.5;7.1;133;0.32;0.01;82.57;98.75;45.53;0;0;0;0.3;1;1.3
07/02/2020 00:00;13.18;19.95;7.41;9.1;5.5;120;0.37;0.05;77.87;95.91;48.43;0;0;0;0.5;1.6;1.2
06/02/2020 00:00;15.78;27.46;8.19;5.9;2.1;142;0.98;0.1;56.43;91.7;21.92;0;0;0;0.2;1.1;1.3
05/02/2020 00:00;16.09;27.16;9.24;7.7;4.3;141;0.89;0.09;62.36;92.38;24.92;0;0;0;0.4;1;1.3
04/02/2020 00:00;15.21;25.72;7.61;7.9;5.2;138;0.76;0.1;66.48;89.94;27.61;0;0;0;0.1;1.1;1.3
03/02/2020 00:00;16.23;27.22;10.23;5.7;1.6;136;1.02;0.21;54.65;83.25;20.73;0;0;0;0.1;0.9;1.2
02/02/2020 00:00;15.12;24.29;9.01;5.4;1.5;135;0.89;0.24;55.28;80.4;29.62;0;0;0;0.1;1.2;1.2
01/02/2020 00:00;14.1;24.56;6.48;5;-0.9;129;0.8;0.19;58.39;81;20.71;0;0;0;0.1;0.7;1.1
31/01/2020 00:00;12.79;24.32;6.28;4;-1.2;135;0.75;0.14;61.31;86.48;19.81;0;0;0;0.1;1;1.1
30/01/2020 00:00;12.87;23.42;6.78;3.3;-2.9;129;0.79;0.17;57.4;84.26;20.99;0;0;0;0.3;1.2;1.1
29/01/2020 00:00;12.56;23.05;5.38;4.1;-1.2;124;0.7;0.04;61.79;95.12;20.62;0;0;0;0.1;0.8;1
28/01/2020 00:00;10.65;21.36;4.09;4.9;0.4;124;0.48;0;74.2;100;27.36;0.2;0;0;0;0.6;1
27/01/2020 00:00;8.98;17.87;2.4;5.6;2.4;117;0.28;0;83.26;100;38.23;0;0;0;0.1;0.8;1
26/01/2020 00:00;9.7;17.98;5.27;7.4;4.8;107;0.18;0;87.88;100;45.8;0.2;0;0.1;0.8;2.4;1
25/01/2020 00:00;10.02;14.76;7.04;7;5;73;0.22;0;83.16;100;53.81;14;50;0.4;2.2;4.9;1
24/01/2020 00:00;11.03;17.56;6.56;6.4;2.6;123;0.36;0.05;76.09;95.09;38.21;0;0;0.2;1.7;4.7;1.1
23/01/2020 00:00;9.13;16.11;4.47;5.7;3.4;81;0.25;0;81.41;100;47.33;7.6;5;0;2.2;7.4;0.8
22/01/2020 00:00;9.04;14.34;4.96;5;3.5;95;0.28;0;78.08;99.57;49.96;0.4;95;0;0.1;1;0.8
21/01/2020 00:00;7.72;14.93;2.87;4.5;1.8;99;0.22;0;82.08;99.01;51.29;0.2;0;0;0.3;1;0.8
20/01/2020 00:00;7.7;11.11;6.03;5.9;3.8;48;0.11;0;89.42;100;64.94;0.2;205;0;0.1;0.7;0.7
19/01/2020 00:00;9.71;12.21;7.76;7.2;3;35;0.16;0;86.59;100;59.6;19;435;0;0.4;1.6;0.6
18/01/2020 00:00;11.36;22.47;3.47;0.2;-4.3;106;0.81;0.23;49.55;71.81;16.82;0;0;0;0;0.3;0.8
17/01/2020 00:00;10.15;20.86;3.79;-1.9;-5.3;109;0.79;0.29;46.45;66.79;17.83;0;0;0;0;0.7;0.7
16/01/2020 00:00;9.37;19.24;3.22;-1.5;-3.6;101;0.69;0.22;49.24;70.61;22.91;0;0;0;0.1;1;0.7
15/01/2020 00:00;9.93;19.94;4.26;-0.7;-4.9;105;0.7;0.22;51.38;75.5;20.93;0;0;0;0;0;0.7
14/01/2020 00:00;9.45;17.86;3.5;1.2;-0.9;105;0.56;0.12;60.05;85.21;28.02;0;0;0;0.1;0.5;0.8
13/01/2020 00:00;9.49;20.6;3.1;1.9;-1.7;104;0.54;0.06;64.31;91.73;24.8;0;0;0;0;0.6;0.8
12/01/2020 00:00;9.33;16.34;3.75;3.4;0.9;102;0.41;0.11;68.4;85.86;43.51;0;0;0;0;0.9;0.8
11/01/2020 00:00;10.33;15.04;7.26;6;2.3;97;0.32;0;77.62;100;43.23;0;0;0;0.3;1.3;0.8
10/01/2020 00:00;10.76;16.09;6.62;7.8;6.1;109;0.23;0;83.92;99.67;52.61;0;0;0;0.2;1.4;0.9
09/01/2020 00:00;8.8;17.75;2.15;2.8;0.2;101;0.42;0.05;69.32;94.69;37.67;0;0;0;0;0;0.7
08/01/2020 00:00;8.81;20.34;2.35;0.5;-2.6;99;0.56;0.1;60.14;87.06;21.69;0;0;0;0;0;0.7
07/01/2020 00:00;9.1;17.31;3.77;1.9;-1.6;99;0.48;0.1;64;88.67;30.69;0;0;0;0;0.9;0.7
06/01/2020 00:00;8.74;17.54;3.93;5.8;3.9;84;0.23;0;84.48;100;49.94;0;0;0;0;0;0.7
05/01/2020 00:00;8.73;17.45;3.63;6.4;3.6;89;0.19;0;87.82;100;57.01;0.2;0;0;0;0;0.8
04/01/2020 00:00;8.78;16.63;3.96;7;3.9;90;0.15;0;90.4;100;58.48;0.2;120;0;0.6;1.9;0.8
03/01/2020 00:00;9.6;19.54;3.98;6;3;88;0.29;0;81.45;100;40.23;0;0;0;0.3;1.4;0.7
02/01/2020 00:00;10.02;19.32;5.04;4.8;3;91;0.4;0.08;73.03;90.5;36.13;0;0;0;0.6;2.3;0.7
01/01/2020 00:00;11.29;20.64;5.69;3.6;0.7;91;0.59;0.15;62.7;84.54;28.65;0;0;0;1.1;2.3;0.7
31/12/2019 00:00;11.68;21.46;6.47;1.8;-1.6;92;0.71;0.23;53.19;77.68;26.64;0;0;0;0.4;1.1;0.7
30/12/2019 00:00;11.05;18.67;5.9;3.4;0.7;94;0.56;0.12;61.55;86.54;41.04;0;0;0;0.2;1.2;0.7
29/12/2019 00:00;13.27;24.01;7.54;3.3;-2.3;93;0.79;0.21;53.26;82.61;26.69;0;0;0;0;1;0.7
28/12/2019 00:00;12.93;23.76;6.91;4;2.5;91;0.76;0.15;59;85.27;25.78;0;0;0;0;0.2;0.7
27/12/2019 00:00;13.41;22;6.46;5;2.1;87;0.72;0.13;60.15;87.87;28.93;0;0;0;0;1;0.7
26/12/2019 00:00;12.81;20.65;7.5;5.3;2.6;92;0.62;0.13;64.06;88.8;30.51;0;0;0;0.4;1.4;0.7
25/12/2019 00:00;14.22;27.32;7.63;7.8;4.4;79;0.62;0.05;68.47;95.47;30.75;0;0;0;0.2;1.1;0.8
24/12/2019 00:00;14.97;30.53;9.04;7.6;4;97;0.75;0.15;65.37;88.01;20.48;0;0;0;0.1;1.1;0.8
23/12/2019 00:00;15.1;22.65;9.3;8.4;1.6;92;0.62;0;69.25;100;30.08;0;0;0;0.4;1.5;0.8
22/12/2019 00:00;14.97;21.24;9.82;12;8.5;100;0.29;0;83.71;99.65;59.54;0;0;0.1;1;3.2;0.9
21/12/2019 00:00;14.82;18.39;10.09;10.2;8.6;70;0.44;0.08;74.74;93.49;59.38;0;0;0.4;1.4;3.9;0.9
20/12/2019 00:00;14.98;18.02;11.9;8.9;6.1;56;0.55;0.33;67.72;80.32;58.34;0;0;0.6;1.8;4.5;1
19/12/2019 00:00;11.63;19.83;6.36;7.8;5.3;84;0.34;0.01;79.81;98.92;48.08;0;0;0.1;1.5;3.5;0.8
18/12/2019 00:00;9.66;17.19;5.81;5.2;2.9;90;0.33;0;76.97;99.59;41.65;0;0;0.2;0.9;2.9;0.8
17/12/2019 00:00;7.26;8.79;4.94;5.6;3.7;27;0.1;0;90.19;100;70.92;30.4;70;0.8;3.2;7.3;0.6
16/12/2019 00:00;13.21;23.69;7.91;5.1;-4.9;85;0.67;0.01;64.05;99.12;15.22;8;155;0.4;2.8;8.6;1.1
15/12/2019 00:00;13.26;21.58;7.72;10.1;7.3;91;0.31;0;83.53;100;51.6;0;0;0;0.5;1.8;0.8
14/12/2019 00:00;10.73;17.34;6.45;9.3;6.4;73;0.12;0;92.45;100;65.49;0.2;0;0;0.1;1;0.7
13/12/2019 00:00;11.3;18.7;5.63;7.4;4.1;75;0.32;0;78.61;99.39;50.42;0;0;0;0.1;0.4;0.7
12/12/2019 00:00;8.94;14.24;4.5;6.8;4;52;0.15;0;88.04;99.97;61.84;0;0;0;0.3;0.7;0.6
11/12/2019 00:00;10.44;18.36;5.98;8.3;1.6;90;0.18;0;88.68;100;41.02;0.2;65;0;0.3;1.5;0.8
10/12/2019 00:00;11.44;17.23;6.68;9.5;6.6;82;0.16;0;89.44;100;60.65;0;0;0;0;0.6;0.8
09/12/2019 00:00;10.54;17.51;5.31;8.1;5.2;89;0.21;0;87.72;100;47.62;0.2;0;0;0;0.5;0.8
08/12/2019 00:00;10.8;18.8;6.17;8.9;6.1;88;0.17;0;90.1;100;60.05;0.2;0;0;0.1;0.8;0.8
07/12/2019 00:00;10.91;17.86;6.18;9.4;6.1;84;0.14;0;91.77;100;61.63;0;0;0;0.2;1;0.8
06/12/2019 00:00;11.67;21.51;6.63;8;4.3;90;0.33;0;82.13;99.41;33.91;0.2;0;0;0.3;1.5;0.8
05/12/2019 00:00;10.98;16.16;7.84;8.8;7.6;98;0.18;0;88.18;99.83;58.04;0;0;0.1;1;2.7;0.9
04/12/2019 00:00;11.16;14.87;9.12;8.9;7.3;78;0.17;0;87.9;99.94;62.59;7.2;85;0.4;1.4;4.3;0.9
03/12/2019 00:00;9.64;11.32;8.32;8.4;6.8;33;0.08;0;92.78;100;79.78;13;490;0.3;1.2;3.4;0.6
02/12/2019 00:00;10.42;13.5;8.38;8.7;7;59;0.12;0;90.12;99.28;73.46;7.8;280;0.2;1.5;3.8;0.7
01/12/2019 00:00;12.34;17.11;8.87;11.1;8.7;59;0.11;0;93.39;100;58.92;8.2;570;0.3;1.5;5.7;0.8
30/11/2019 00:00;14.24;23.27;8.76;7.4;2.4;98;0.63;0;68.56;99.46;27.29;0;0;0;0.6;2.2;0.9
29/11/2019 00:00;13.35;24.09;6.81;9.2;6.2;97;0.44;0;80.99;100;35.11;0;0;0;0.3;0.9;0.9
28/11/2019 00:00;12.78;22.09;7.08;9.9;7;97;0.3;0;85.65;100;46.93;0.2;0;0;0.3;1.5;0.9
27/11/2019 00:00;12.28;20.9;6.82;9.9;6.8;89;0.24;0;87.85;100;49.72;0.2;55;0;0.4;1.9;0.9
26/11/2019 00:00;12.61;22.33;6.72;9.6;6.5;91;0.31;0;85.26;100;46.06;0;0;0;0.9;2.3;0.9
25/11/2019 00:00;11.61;20.05;6.26;8.7;6.2;99;0.28;0;85.22;100;43.21;0.2;15;0;0.2;0.8;0.9
24/11/2019 00:00;12.1;17.82;8.63;9.8;8.5;84;0.2;0;87.97;100;58.95;0.2;525;0;0.4;1.3;0.9
23/11/2019 00:00;14.04;16.64;11.05;12.4;10.5;58;0.15;0;91.03;100;71.6;17;785;0.7;2.1;5.1;0.9
22/11/2019 00:00;14.86;19.21;9.51;10.6;8.6;47;0.41;0.02;76.88;97.63;59.66;0.2;0;0.7;2.1;6.4;1
21/11/2019 00:00;12.87;17.56;9.74;10.9;9.3;70;0.18;0;89.07;99.37;64.43;0;0;0.1;1.2;4;0.9
20/11/2019 00:00;10.53;18.04;4.72;7.4;4.4;79;0.25;0;83.71;99.17;47.19;1;50;0.1;1.2;4.5;0.9
19/11/2019 00:00;8.64;15.49;3.1;6;3.1;114;0.2;0;85.95;100;47.07;0.2;360;0;0.3;1.3;0.9
18/11/2019 00:00;8.83;12.89;4.84;5.5;-1.2;29;0.2;0;82.14;100;40.8;14.2;690;0.2;1.5;3.9;0.7
17/11/2019 00:00;7.64;17.09;1.63;2;-3.5;115;0.38;0;72.97;98.91;25.41;0.2;0;0;0.3;1.2;0.8
16/11/2019 00:00;7.14;11.17;3.65;5.2;1.6;62;0.12;0;89.2;99.44;53.41;8.4;560;0.2;1.7;3.9;0.8
15/11/2019 00:00;8.79;10.75;6.61;7.8;5.8;46;0.06;0;94.44;99.71;74.21;15.4;610;0.4;1.9;5.8;0.7
14/11/2019 00:00;11.78;18.69;6.58;8.4;6.1;87;0.3;0;82.47;99.89;51.85;8.6;220;0.4;1.7;6.6;1.1
13/11/2019 00:00;12.96;20.06;7.96;9.1;5.9;121;0.35;0;81.01;100;44.29;0;0;0;0.6;1.9;1.1
12/11/2019 00:00;14.37;18.59;12.42;11.6;7.5;112;0.27;0;85.46;100;52.48;1.8;320;0.3;1.4;3;1.3
11/11/2019 00:00;12.18;13.71;10.57;11.4;8;22;0.06;0;95.44;99.71;79.66;6.6;835;0.3;1;3.2;0.7
10/11/2019 00:00;10.33;15.93;5.38;7.1;3.6;71;0.25;0.01;81.9;98.51;62.35;0.2;25;0.4;1.4;3.7;1
09/11/2019 00:00;10.4;18.28;5.06;4.3;0.1;124;0.45;0.02;71.31;97.79;30.81;0;0;0;0.6;1.7;1
08/11/2019 00:00;11.67;16.66;7.52;9;6.4;63;0.21;0.01;85.39;98.97;54.46;0.6;135;0;0.6;2;0.8
07/11/2019 00:00;13.53;21.37;7.44;8.9;5.2;132;0.44;0;77.26;99.56;42.55;0;0;0;0.6;2;1.3
06/11/2019 00:00;12.29;20.1;7.2;8.5;5.9;114;0.34;0;79.57;100;47.32;0.2;0;0.1;0.8;2.2;1.2
05/11/2019 00:00;13.55;16.35;9.01;11.4;8.7;36;0.19;0;88.11;99.85;73.12;5.4;235;0.2;1.3;3.4;0.8
04/11/2019 00:00;17.01;21.79;13.77;13.9;11.9;89;0.34;0;83.78;99.99;57.23;0;0;0;0.6;1.6;1.2
03/11/2019 00:00;17.82;21.8;15.92;15;13.3;69;0.33;0.02;84.55;98.66;59.93;7.6;70;0.4;1.7;4.5;1.2
02/11/2019 00:00;18.77;26.98;13.5;13.7;9.4;120;0.65;0.02;76.06;98.51;34.22;0;0;0.3;1.5;4.3;1.6
01/11/2019 00:00;19.82;26.86;16.31;15.9;14;132;0.52;0.05;80.35;97.29;48.4;0;0;0;0.1;1;1.6
31/10/2019 00:00;17.51;24.33;11.65;13.6;10.7;128;0.48;0.04;79.93;96.76;51.93;0;0;0;0.1;0.7;1.5
30/10/2019 00:00;18.74;25.58;13.65;13;9.1;144;0.69;0.04;73.82;97;36.83;0;0;0;0.2;0.7;1.6
29/10/2019 00:00;19.03;26.69;13.74;14.5;12.7;141;0.59;0.05;77.37;96.58;49.54;0;0;0;0.2;1.1;1.7
28/10/2019 00:00;18.97;26.4;14.11;13.1;10.4;106;0.71;0.18;70.17;89.97;45.48;0.2;10;0;0.2;1.5;1.4
27/10/2019 00:00;19.69;29.7;12.64;7.2;3;150;1.39;0.38;48.56;76.87;19.34;0;0;0;0.6;1.7;1.5
26/10/2019 00:00;22.46;32.27;15.82;3.5;-1.1;154;2.06;0.7;31.19;60.63;13.95;0;0;0;0.4;2.3;1.5
25/10/2019 00:00;18.54;30.43;9.69;4.3;-4;164;1.48;0.2;45.86;83.31;12.5;0;0;0;0.4;2;1.5
24/10/2019 00:00;14.08;22.33;8.1;6.9;3.2;163;0.65;0.06;66.62;94.31;31.34;0;0;0;0.5;1.6;1.6
23/10/2019 00:00;12.26;17.04;9.13;8.2;6.7;105;0.34;0.01;78.13;98.48;53.06;6.6;125;0.4;1.4;3.7;1.4
22/10/2019 00:00;10.97;16.43;8.83;8.6;6.9;76;0.18;0;86.82;99.32;54.39;14.6;260;0.3;1.9;6.8;1.1
21/10/2019 00:00;14.77;18.75;12.03;9.9;6.4;91;0.45;0.08;74.66;94.36;49.11;1;90;0;0;0.6;1.2
20/10/2019 00:00;14.32;17.16;12.41;11.8;8.9;50;0.23;0.01;85.65;99.24;63.21;10.4;295;0.1;0.9;2.3;0.9
19/10/2019 00:00;17.56;26.4;10.46;10.4;3.9;159;0.81;0;68.91;100;26.8;0;65;0.1;1;2.1;1.8
18/10/2019 00:00;17.13;26.65;9.86;9.3;6.9;170;0.87;0.04;64.85;96.3;32.85;2.8;60;0;0.4;1.5;1.9
17/10/2019 00:00;16.65;25.45;9.47;8.4;6.4;175;0.86;0.17;62.23;85.96;33.1;0;0;0;0.5;1.6;1.9
16/10/2019 00:00;16.79;25.44;9.13;8.4;7;176;0.89;0.11;61.47;90.1;32.48;0;0;0.1;0.5;1.7;1.9
15/10/2019 00:00;18.25;25.56;13.77;11;6.3;164;0.81;0.11;65.71;92.97;30.91;0;0;0.1;0.6;1.9;2
14/10/2019 00:00;20.75;27.54;16.23;13.2;5.6;177;0.94;0.2;65.72;88.89;25.93;0.2;50;0.3;1.3;3.8;2.4
13/10/2019 00:00;25;35.64;16.87;8.6;4;175;2.24;0.23;41.69;87.84;15.23;0;0;0.1;0.8;1.9;2.2
12/10/2019 00:00;22.68;31.45;16.3;13;9.5;174;1.33;0.26;56.91;87.85;28.93;0;0;0;0.6;1.7;2.2
11/10/2019 00:00;22.93;31.82;16.21;12.1;10.5;119;1.47;0.51;53.03;74.27;28.81;0;0;0;0.5;1.6;1.7
10/10/2019 00:00;22.59;31;14.9;10.7;7.6;137;1.57;0.52;50.28;74.35;24.42;0;0;0;0.1;0.7;1.8
09/10/2019 00:00;22.98;32.8;14.15;10.1;6;176;1.71;0.56;47.82;73.65;20.03;0;0;0;0.1;1;2.1
08/10/2019 00:00;23.42;34.85;13.43;4.9;-1.3;198;2.24;0.68;35.18;68.91;10.14;0;0;0;0;1;2.1
07/10/2019 00:00;22.18;32.95;13.89;7.5;2;207;1.82;0.32;44.59;80;14.23;0;0;0;0;0.7;2.3
06/10/2019 00:00;21.25;31.67;14.08;13.4;10.5;202;1.12;0;67.33;100;27.83;0;295;0;0;0.5;2.5
05/10/2019 00:00;20.58;30.62;12.14;9.6;3.4;210;1.36;0.26;53.31;85.28;20.78;0;0;0;0;0.9;2.4
04/10/2019 00:00;20.49;31.62;11.21;8.2;4.1;214;1.49;0.22;51.13;85.37;18.76;0;0;0;0;0;2.4
03/10/2019 00:00;19.86;29.3;14.83;12.7;8;188;0.91;0.01;69.46;99;28.97;0;0;0;0;0.4;2.4
02/10/2019 00:00;20.17;30.32;12.12;12.4;7.7;217;1.02;0.07;66.08;95.74;26;0;0;0;0.2;0.8;2.6
01/10/2019 00:00;24.58;33.04;17.03;6.6;0.8;214;2.2;0.44;34.86;77.21;15.36;0;0;0;0.1;0.8;2.6
30/09/2019 00:00;27.46;39.39;16.46;5.2;0.6;197;3.13;0.81;29.14;58.33;9.77;0;0;0;0;0.6;2.3
29/09/2019 00:00;24.84;35.06;17.02;10.4;7.3;219;2.02;0.76;42.79;60.36;20.52;0;0;0;0.1;1.4;2.7
28/09/2019 00:00;26.48;37.55;16.53;9.1;4.2;220;2.57;0.73;38.83;64.97;13.57;0;0;0;0;1;2.6
27/09/2019 00:00;24.08;34;15.83;11.4;9.2;219;1.81;0.5;48.16;72.41;24.2;0;0;0;0;0.8;2.8
26/09/2019 00:00;23.92;34.03;14.92;13;10.6;224;1.65;0.04;55.82;97.31;24.44;52.2;35;0;0;0.3;2.9
25/09/2019 00:00;22.41;32.55;13.69;10;0.4;232;1.62;0.12;51.96;92.33;14.59;0.4;35;0;0;0.5;2.8
24/09/2019 00:00;22.95;32.95;14.2;12;10;233;1.57;0.33;54.23;79.58;26.27;0;0;0;0;0.3;2.9
23/09/2019 00:00;21.8;30.74;14.82;13.4;10.2;230;1.17;0.09;62.8;94.43;34.33;0;0;0;0.2;0.8;3
22/09/2019 00:00;21.49;30.03;14.59;13.3;11.1;227;1.1;0.27;62.88;83.61;34.03;0;0;0.1;0.8;2.7;3.1
21/09/2019 00:00;22;30.05;15.51;13.9;11.8;184;1.14;0.15;63.52;91.75;35.39;0;0;0.1;0.7;2.1;2.7
20/09/2019 00:00;19.83;24.9;15.18;14.3;12.7;118;0.69;0.17;72.17;89.86;49.78;0;0;0;0.5;1.8;1.8
19/09/2019 00:00;21.98;32.24;14.09;13.8;11.6;240;1.19;0.16;63.61;89.92;28.51;0;0;0;0.2;0.8;3.2
18/09/2019 00:00;21.51;29.88;16.4;14.9;13.3;233;0.93;0.06;69.43;96.52;38.44;0;0;0.1;0.6;1.8;3.3
17/09/2019 00:00;24.19;32.05;18.79;12.8;9.3;236;1.62;0.48;50.94;78.24;31.5;0;0;0.1;0.7;3.3;3.4
16/09/2019 00:00;23.28;33.38;14.83;13.7;10.6;249;1.42;0.13;60.22;93.1;27.02;0.2;10;0.1;0.6;1.9;3.4
15/09/2019 00:00;22.68;31.56;15.84;14.8;9.7;253;1.16;0.01;67.43;99.25;27;0;0;0.1;0.7;2.7;3.6
14/09/2019 00:00;23.09;31.64;15.58;9.6;7;249;1.73;0.61;45.24;72.06;23.04;0;0;0.1;0.6;3.2;3.3
13/09/2019 00:00;22.7;31.51;15.16;8.3;5.9;258;1.77;0.56;42.93;66.95;21.68;0;0;0.1;0.6;2.8;3.4
12/09/2019 00:00;19.93;26.69;13.98;8.1;3.8;176;1.28;0.27;49.83;82.68;25.53;0;0;0.3;1.3;2.9;2.7
11/09/2019 00:00;19.82;27.61;12.64;10.3;1.6;264;1.1;0.05;60.81;96.31;19.21;0;0;0.2;1;2.4;3.4
10/09/2019 00:00;21.58;28.62;16.73;12.9;10.4;242;1.15;0.33;60.71;83.08;34.6;0;0;0.4;1.6;5.6;3.6
09/09/2019 00:00;23.81;32.53;16.12;13.6;9.7;262;1.52;0.2;57.45;89.15;25.77;0;0;0.1;0.9;2.6;3.7
08/09/2019 00:00;22.54;28.97;18.31;16.2;12.9;188;0.91;0.09;69.91;95.43;37.33;0.4;40;0.2;1;3.7;3
07/09/2019 00:00;23.76;31.45;20.42;16.4;12.7;166;1.09;0.28;66.01;87.95;33.78;0;10;0.2;1;3.2;2.8
06/09/2019 00:00;27.27;36.53;20.01;13.4;6.7;268;2.21;0.26;48.19;88.74;18.24;0;0;0.3;1.1;3.8;4.2
05/09/2019 00:00;24.17;32.48;18.31;17.5;13.7;235;1.1;0.09;70.59;95.76;37.41;0;0;0.1;0.9;2.6;3.7
04/09/2019 00:00;26.93;36.4;18.31;12.7;5.8;264;2.2;0.41;45.31;83.66;15.59;0;0;0.2;0.9;2.2;4
03/09/2019 00:00;27.68;37.25;20.63;13.6;5.4;272;2.27;0.5;47.95;80.47;15.26;0;0;0.2;3.2;9.8;4.2
02/09/2019 00:00;26.79;34.43;20.33;16.4;9.1;252;1.74;0.54;55.41;80.01;29.68;0;0;0.1;0.9;2.7;4
01/09/2019 00:00;26.38;35.08;18.74;15.5;12.1;271;1.79;0.31;53.89;86.36;32.71;0;0;0.2;0.8;2.4;4.3
31/08/2019 00:00;27.46;34.33;21.18;13.6;11.6;267;2.2;0.97;44.45;61.93;26.86;0;0;0.1;0.7;2.6;4.1
30/08/2019 00:00;28.61;38.47;19.75;14.1;9.8;268;2.46;0.13;45.58;94.58;18.71;0.6;50;0.1;0.9;2.6;4.2
29/08/2019 00:00;27.6;34.22;20.72;12.5;9.4;160;2.3;1.07;40.84;60.33;22.44;0;0;0;0.8;3.1;2.6
28/08/2019 00:00;26.25;36.07;17.53;11.5;5.8;267;2.25;0.4;45.38;79.97;17.11;2.2;65;0.1;0.7;1.8;3.8
27/08/2019 00:00;22.52;31.65;15.97;13.2;3.7;279;1.29;0.14;62.18;92.37;20.66;3.6;115;0.1;0.7;2.2;4
26/08/2019 00:00;22.75;30.45;17.43;16.5;12.7;220;0.93;0.06;70.77;97.11;37.99;0;0;0.2;1;2.7;3.5
25/08/2019 00:00;27.7;36.78;19.31;12.5;6.3;249;2.42;0.75;42.4;72.11;16.61;0;0;0.1;0.7;2.5;3.8
24/08/2019 00:00;29.9;40.12;19.38;11.5;5.6;265;3.07;0.32;36.33;85.86;12.52;7.2;215;0.1;1.1;2.7;4.2
23/08/2019 00:00;31.43;42.55;22.68;12.9;4.9;274;3.4;1.03;36.78;62.53;10.87;2.4;115;0.1;0.7;2.5;4.2
22/08/2019 00:00;29.2;40.02;20.31;14.2;9.1;280;2.68;0.57;44.84;77.65;16.03;1.2;40;0.1;0.9;2.5;4.4
21/08/2019 00:00;24.19;33.05;15.7;11.8;7.6;282;1.77;0.5;49.05;73.79;25.79;7.4;95;0.1;0.5;2;4
20/08/2019 00:00;23.65;32.8;15.83;13.1;5.9;286;1.52;0.1;58.6;94.8;20.24;0;0;0.1;0.7;1.7;4.2
19/08/2019 00:00;24.34;33.85;15.21;13.6;6.5;291;1.63;0.07;56.51;95.76;19.37;4;125;0.2;0.7;3.9;4.4
18/08/2019 00:00;26.15;35.47;18.65;15.2;10.4;294;1.78;0.19;55.94;91.52;22.59;0;0;0.2;0.8;2.3;4.6
17/08/2019 00:00;28.14;38.95;17.31;15.7;11.7;287;2.25;0.02;52.2;99.01;20.02;13.2;210;0.1;0.7;2.1;4.6
16/08/2019 00:00;27.37;37.98;19.4;15.5;10.9;296;2.07;0.41;52.38;82.29;20.51;6.6;135;0.1;0.6;3.9;4.6
15/08/2019 00:00;27.08;37.82;18.12;14.7;10.4;287;2.11;0.31;50.86;88.78;19.95;12.2;235;0.1;0.7;2.1;4.5
14/08/2019 00:00;27.52;38.55;17.73;12.8;10.8;288;2.44;0.66;43.77;67.25;20.81;1.2;0;0.1;0.4;1.3;4.3
13/08/2019 00:00;25.06;34.24;16.39;8.8;3.7;288;2.21;0.8;38.74;60.19;20.01;0;0;0.1;0.7;2;4.2
12/08/2019 00:00;23.52;31.98;16.2;9.6;6.1;280;1.82;0.44;45.51;76.78;21.6;0;0;0.2;0.8;2.4;4.2
11/08/2019 00:00;24.09;32.16;18.27;13.5;6.7;276;1.52;0.18;55.96;91.29;23.98;0;0;0.2;0.8;2.3;4.3
10/08/2019 00:00;25.43;34;18.33;16.5;11.8;283;1.48;0.02;62.15;98.69;26.65;3.8;80;0.2;0.8;2.5;4.5
09/08/2019 00:00;25.13;33.01;18.47;15.1;11.1;268;1.57;0.31;57.34;84.99;28.57;2.6;90;0.2;0.7;2.6;4.2
08/08/2019 00:00;27.13;38.85;19.74;15.5;13;269;2.02;0.56;52.81;77.91;24.02;2.4;120;0.1;0.8;2.1;4.4
07/08/2019 00:00;27.21;35.09;21.55;13.7;11.2;235;2.14;0.81;45.48;68.44;26.28;0;0;0.1;0.6;2.4;3.9
06/08/2019 00:00;26.98;35.85;20.55;15.4;8.6;262;1.91;0.45;52.11;81.07;31.14;0;0;0.2;1.5;5.3;4.4
05/08/2019 00:00;25.88;34.41;17.83;14.8;10.7;283;1.79;0.37;53.33;81.56;32.83;0;0;0.2;0.7;2.3;4.5
04/08/2019 00:00;24.66;34.04;17.15;14.9;11.5;279;1.53;0.12;57.97;93.8;30.15;0;0;0.2;0.8;1.8;4.5
03/08/2019 00:00;24.81;34.08;18.61;13.2;11.3;273;1.71;0.71;50.56;69.08;29.31;0;0;0.2;0.8;3.8;4.4
02/08/2019 00:00;25.57;34.14;19.64;17.2;12.8;289;1.41;0.17;63.87;92.2;37.26;0;0;0.2;0.8;2.4;4.8
01/08/2019 00:00;25.78;35.64;18.42;17.3;15.4;286;1.48;0.12;63.56;94.2;30.22;0;0;0.2;0.7;2.9;4.7
31/07/2019 00:00;26.11;36.58;17.48;11.3;6.6;300;2.21;0.73;42.75;69.16;21.91;0;0;0.1;0.7;2.7;4.6
30/07/2019 00:00;23.83;33.63;15.99;13;9.5;293;1.58;0.26;54.95;86.3;32.21;0;0;0.2;0.9;3.1;4.6
29/07/2019 00:00;23.23;31.95;17.72;14.4;7.4;291;1.29;0.21;62.14;89.54;22.63;0;0;0.2;0.7;3.1;4.6
28/07/2019 00:00;22.16;31.39;15.05;14.7;11.4;300;1.1;0.13;66.61;92.74;35.39;0;0;0.2;0.8;2.1;4.6
27/07/2019 00:00;22.82;32.93;15.98;11.7;-0.7;311;1.47;0.12;57.22;93.11;12.35;0;0;0.2;0.8;3.2;4.7
26/07/2019 00:00;23.96;33.8;18.11;15.5;6.3;271;1.31;0.04;66.07;97.69;19.29;0;0;0.2;0.8;2.2;4.4
25/07/2019 00:00;27.4;36.87;20.59;17.8;14.1;290;1.77;0.26;60.77;89.32;26.12;0;0;0.2;0.8;3;4.9
24/07/2019 00:00;27.66;37.76;19.66;18.7;17.5;287;1.72;0.15;62.15;93.34;33.25;0;0;0.1;0.8;3.1;4.9
23/07/2019 00:00;27.27;35.26;20.68;18.4;17.2;290;1.6;0.33;60.99;86.33;37.25;0;5;0.1;0.6;2.6;4.9
22/07/2019 00:00;27.72;36.37;20.78;18.1;17.1;287;1.76;0.41;58.31;83.13;34.09;0;0;0.1;0.6;2.3;4.9
21/07/2019 00:00;26.08;34.21;19.19;18;17.3;293;1.42;0.13;63.97;93.75;38.26;0;0;0.1;0.7;2.1;4.9
20/07/2019 00:00;26.27;35.77;19.13;17.4;16.4;294;1.56;0.19;61.48;91.09;34.14;0;0;0.2;0.8;2.5;4.9
19/07/2019 00:00;25.48;35.11;17.52;15.7;14;275;1.63;0.21;58.9;89.48;31.1;0;0;0.1;0.6;2.3;4.5
18/07/2019 00:00;22.17;32.15;13.66;13.6;10.5;302;1.26;0.1;63.74;93.84;29.47;0;0;0.2;0.7;2.2;4.6
17/07/2019 00:00;21.23;30.97;16.66;14.7;10.5;246;0.92;0.07;71.08;96;29.17;0;0;0.2;0.8;3.2;4
16/07/2019 00:00;23.58;33.92;16.71;15.9;13.8;295;1.24;0.04;67.03;97.55;31.66;0;0;0.2;1;2.6;4.8
15/07/2019 00:00;23.56;34.22;15.42;15.1;11.7;301;1.34;0;65.33;100;26.31;17.4;185;0.2;0.8;3.2;4.8
14/07/2019 00:00;24.44;34.06;17.11;15.3;9;300;1.46;0.05;62.98;97.43;22.27;0;0;0.1;0.7;2.7;4.8
13/07/2019 00:00;24.09;33.23;17.97;16.9;15.7;283;1.18;0.22;67.3;89.41;37.66;5.2;165;0.1;0.7;2.3;4.6
12/07/2019 00:00;23.94;31.61;19.72;16.8;15.9;243;1.1;0.4;66.19;82.47;40.86;0;0;0.2;1.1;3;4.1
11/07/2019 00:00;23.56;32.78;16.08;15.3;12.9;282;1.28;0.18;63.12;89.87;34.69;1.2;85;0.1;0.7;2.2;4.5
10/07/2019 00:00;21.82;31.84;14.04;14;12.2;300;1.15;0;66.35;99.56;31.72;1.8;170;0.2;0.7;2.4;4.7
09/07/2019 00:00;21.21;29.42;14.34;13.3;10.6;306;1.07;0.07;65.28;95.75;32.51;0;0;0.2;0.7;2.5;4.6
08/07/2019 00:00;21.15;30;15.63;13.1;8.1;300;1.06;0.11;64.56;93.62;27.14;0;0;0.2;1;3;4.6
07/07/2019 00:00;21.43;29.52;16.58;14.3;12.7;226;0.97;0.16;66.73;91.49;36.55;0;15;0.3;1.1;3.3;3.8
06/07/2019 00:00;22.38;32.47;15.63;14.4;12.8;266;1.17;0.08;64.81;95.29;31.02;3;210;0.2;0.9;2.9;4.4
05/07/2019 00:00;22.77;32.85;15.15;13.9;12.5;296;1.32;0.21;60.95;87.73;30.52;6.6;130;0.1;0.6;1.7;4.6
04/07/2019 00:00;21.68;30.44;15.5;13.5;11.5;309;1.14;0.2;63.35;88.65;33;0;0;0.2;1;2.6;4.7
03/07/2019 00:00;20.17;29.71;14.71;13.3;11;250;0.91;0.11;68.77;93.22;32.33;0.2;0;0.2;0.7;28.3;4
02/07/2019 00:00;20.76;30.32;15.88;14.9;11;258;0.84;0;74.01;100;31.61;5.4;180;0.2;0.7;2.8;4.1
01/07/2019 00:00;21.93;31.42;17.17;16.5;13.9;285;0.85;0.06;75.45;97.1;37.46;9.6;135;0.2;0.9;3.4;4.6
30/06/2019 00:00;23.06;32.12;16.94;16.2;15.8;285;1.08;0.08;69.32;95.83;37.7;0;0;0.2;0.7;2.6;4.6
29/06/2019 00:00;23.81;33.76;16.33;15.5;13.4;305;1.34;0.13;63.32;92.8;33.69;0;0;0.2;0.8;2.8;4.9
28/06/2019 00:00;22.4;32.32;14.36;14.3;12.9;302;1.22;0.11;63.95;93.08;37.72;0;0;0.2;0.8;2.6;4.7
27/06/2019 00:00;20.71;25.34;17.08;16;13.7;118;0.63;0.08;75.73;95.51;56.73;0;0;0.1;0.5;2.3;2.2
26/06/2019 00:00;22.38;31.59;16.21;15.3;12.4;280;1.05;0.06;68.63;96.72;34.1;0;0;0.2;0.8;2.7;4.5
25/06/2019 00:00;23.11;33.07;14.75;14;9.3;303;1.37;0;63.81;100;23.89;3.2;75;0.2;0.7;2.3;4.8
24/06/2019 00:00;22.19;31.41;14.11;12.1;8.9;298;1.38;0.1;56.76;93.46;28.2;2.6;105;0.2;0.9;2.2;4.6
23/06/2019 00:00;22.66;31.25;14.63;10.5;7.4;307;1.59;0.38;48.93;76.82;28.91;0;0;0.2;0.9;3.7;4.7
22/06/2019 00:00;22.4;31.81;13.79;12.1;10.8;302;1.44;0.17;56.65;89.2;29.31;0.2;20;0.2;0.9;2.4;4.7
21/06/2019 00:00;20.53;29.63;15.02;12;8.3;297;1.09;0.16;62.47;90.47;27.68;7.8;250;0.2;0.7;2.4;4.5
20/06/2019 00:00;20.69;29.89;14.66;12.9;8.9;308;1.03;0.08;66.31;95.06;27.65;4.4;90;0.3;0.9;2.9;4.7
19/06/2019 00:00;20.89;29.95;12.62;11.8;8.8;305;1.19;0.25;58.99;84.38;31.68;1.2;40;0.2;0.9;2.7;4.6
18/06/2019 00:00;20.77;30.72;13.46;10.6;7.3;298;1.28;0.06;57.18;95.75;24.27;0;0;0.2;0.8;2.3;4.5
17/06/2019 00:00;21.74;31.52;12.18;10.3;5.9;303;1.51;0.16;53.18;89.49;25.59;0;0;0.2;0.9;2.6;4.6
16/06/2019 00:00;20.35;29.99;12.9;9.6;7.8;304;1.31;0.25;54.51;82.99;26.24;0;0;0.2;0.9;2.9;4.5
15/06/2019 00:00;19.34;29.17;11;8.6;6.8;310;1.26;0.12;54.38;90.19;25.77;0;0;0.2;0.7;3.3;4.5
14/06/2019 00:00;18.4;26.55;13.79;10;7;258;0.93;0.19;61.64;88.04;34.26;2.6;50;0.2;0.8;2.6;3.9
13/06/2019 00:00;19.48;27.73;14.35;12.4;11.1;291;0.87;0.17;66.32;89.85;38.34;0;0;0.5;2.2;5.3;4.5
12/06/2019 00:00;20.84;30.87;11.31;9.5;5.3;296;1.43;0.14;53.62;89.47;22.2;2;40;0.2;1.1;3.7;4.4
11/06/2019 00:00;18.95;29.22;10.04;9.3;3.8;308;1.14;0;60.16;99.42;21.23;0;0;0.2;0.8;2.3;4.4
10/06/2019 00:00;18.05;27.05;11.29;9.3;6.2;298;0.98;0.1;61.56;92.41;29.77;0;0;0.3;0.9;2.6;4.3
09/06/2019 00:00;19.32;28.59;12.24;8.6;5.1;308;1.21;0.12;54.5;91.51;23.88;0;0;0.3;0.9;6.5;4.5
08/06/2019 00:00;20.25;30.39;11.32;9;7.3;306;1.36;0.24;52.02;81.79;27.64;0;0;0.2;0.9;3.7;4.5
07/06/2019 00:00;18.6;28.15;10.22;9.1;4.3;306;1.09;0.13;58.85;89.89;27.15;0;0;0.2;1;2.7;4.4
06/06/2019 00:00;17.91;28.21;10.3;8.1;5.7;305;1.08;0.08;57.8;93.69;27.39;0;0;0.2;0.9;2.9;4.3
05/06/2019 00:00;18.38;24.28;13.41;10.4;5;201;0.85;0.32;61.99;83.09;39.04;0;0;0.3;1;2.4;3.2
04/06/2019 00:00;22.73;31.63;14.99;9.2;4.9;304;1.71;0.28;46.03;85.27;21.37;0;0;0.2;1;2.9;4.7
03/06/2019 00:00;27.3;38.46;17.56;5.4;-5.1;307;2.99;1.05;28.76;48.3;7.02;0;0;0.2;1.2;3;4.6
02/06/2019 00:00;28.24;38.53;18.87;4.9;-2.8;320;3.21;1.23;25.84;43.37;7.32;0;0;0.1;0.7;2.1;4.6
01/06/2019 00:00;28.24;38.23;18.48;4.8;-1.7;317;3.2;1.25;25.38;41.36;8.36;0;0;0.3;0.7;3;4.9
31/05/2019 00:00;27.22;38.24;18.38;7.5;5;307;2.8;1.03;31.99;51.09;14.52;0;0;0.5;1.1;4.4;5.2
30/05/2019 00:00;26.18;34.15;19.64;7.5;4.6;307;2.47;1.22;32.89;49.68;16.82;0;0;0.9;1.8;4.3;5.7
29/05/2019 00:00;26.43;37.67;15.27;9.8;3.2;313;2.49;0.46;41.06;73.53;13.73;0;0;0.2;0.9;2.7;4.9
28/05/2019 00:00;24.34;33.96;14.37;8.3;4.9;315;2.13;0.72;39.26;66.24;18.89;0;0;0.2;0.7;2.2;4.7
27/05/2019 00:00;24.86;33.59;16.41;4.8;1.3;319;2.42;1.04;29.41;44.5;13.37;0;0;0.2;1;2.5;4.7
26/05/2019 00:00;23.74;31.93;15.78;4.8;-0.3;319;2.18;0.93;32.4;47.91;13.47;0;0;0.4;1.3;4;4.9
25/05/2019 00:00;20.9;30.23;11.65;9.8;4.2;317;1.39;0.13;55.82;90.54;21.96;0;0;0.2;1;2.9;4.5
24/05/2019 00:00;20.52;29.72;12.49;10;5;295;1.29;0.23;55.87;86.23;23.03;0;0;0.3;1;3.1;4.4
23/05/2019 00:00;21.92;32.14;12.94;11;7.2;312;1.47;0.21;54.3;85.38;24.88;0;0;0.2;0.8;2.4;4.6
22/05/2019 00:00;20.23;29.8;10.72;9.7;6;303;1.31;0.13;56.42;90.48;24.19;0;0;0.2;0.8;2.3;4.3
21/05/2019 00:00;18.71;27.9;11.09;10.2;5.9;317;1.01;0;64.54;100;25.63;0;80;0.2;0.9;2.3;4.5
20/05/2019 00:00;18.07;26.2;11.22;10.9;7.9;314;0.84;0.05;67.4;95.66;32.63;0;0;0.2;0.7;2.2;4.4
19/05/2019 00:00;15.92;24.46;7.98;7.4;2.3;295;0.85;0.1;61.26;90.13;32.48;0;0;0.2;0.8;1.9;3.9
18/05/2019 00:00;15.13;24.65;8.89;7.1;3.3;300;0.78;0.05;63.87;95.58;29.1;6.2;155;0.4;1.4;4.3;4.1
17/05/2019 00:00;17.75;26.21;11.4;9.2;0.8;306;0.91;0;62.68;100;20.35;9;250;0.4;1.1;3.3;4.3
16/05/2019 00:00;24.37;34.55;15.88;5.2;-1.9;318;2.34;0.52;34.07;73;10.44;0;0;0.2;0.9;2.9;4.7
15/05/2019 00:00;25.97;35.82;18.69;4.5;-5;324;2.69;0.99;28.23;55.15;7.67;6.6;40;0.2;1.2;3.2;4.8
14/05/2019 00:00;26.81;37.63;15.89;4;-4.4;313;2.93;0.2;28.3;88.91;7.09;7.8;10;0.2;0.7;2.1;4.7
13/05/2019 00:00;29.65;39.44;19.62;4.8;-1.7;309;3.55;1.26;23.81;47.35;7.77;0;0;0.1;0.6;1.8;4.4
12/05/2019 00:00;28.91;38.41;20.3;8.8;-2.3;311;3.04;0.55;33.5;76.68;7.75;0;0;0.3;1;3.3;5.1
11/05/2019 00:00;23.63;34.47;13.3;13.5;10.6;305;1.59;0.14;58;90.4;27.18;0;0;0.1;1;2.3;4.6
10/05/2019 00:00;20.17;29.32;11.27;12.6;10;307;1.03;0.03;65.94;97.11;37.9;0;0;0.2;0.7;2.9;4.5
09/05/2019 00:00;19.15;28.98;11.65;11.3;6.9;307;0.99;0;66.7;99.9;25.58;0;0;0.2;0.6;2;4.3
08/05/2019 00:00;18.48;28.88;11.33;11.4;5.3;303;0.89;0;69.43;100;22.9;0;0;0.2;0.9;3.1;4.3
07/05/2019 00:00;19.35;29.67;10.43;11.6;7.5;304;1.02;0;67.02;100;29.89;0;50;0.1;0.8;2;4.3
06/05/2019 00:00;18.06;28.5;9.83;10.8;6.9;307;0.89;0;67.33;100;31.86;0;0;0.1;0.6;2.3;4.2
05/05/2019 00:00;18.91;28.81;13.26;11.9;5.3;291;0.87;0;70.12;100;23.32;0;0;0.2;0.7;2.2;4.2
04/05/2019 00:00;18.1;26.26;13.04;13.5;10.7;234;0.58;0;78.03;100;40.05;0;0;0.2;0.8;2.2;3.5
03/05/2019 00:00;18.74;26.03;14.17;14.4;12.8;214;0.55;0;78.75;100;45.26;0;0;0.1;0.6;1.8;3.2
02/05/2019 00:00;19.7;26.24;15.94;13.3;9.9;122;0.77;0.1;69;94.6;39.16;0;0;0.1;0.6;2;2.1
01/05/2019 00:00;21.11;29.28;14.44;10.3;6.5;165;1.29;0.23;52.41;86.36;29.43;1;45;0.2;2;6;2.8
30/04/2019 00:00;21.98;31.65;11.58;9.5;1.8;313;1.6;0.14;52.53;89.69;15.37;0;0;0.1;0.7;1.9;4.3
29/04/2019 00:00;23.51;31.83;15.82;9.3;7.4;303;1.84;0.59;43.03;67.23;22.15;0;0;0.3;1.8;4.2;4.6
28/04/2019 00:00;23.38;33.16;15.3;9.1;7.1;268;1.85;0.7;42.31;59.68;22.85;0;0;0.4;2.9;6.8;4.4
27/04/2019 00:00;19.22;28.28;9.55;8.9;5.8;303;1.23;0.06;56;94.68;30.02;0;0;0.3;1.2;3.2;4.2
26/04/2019 00:00;16.03;22.85;10.15;9.2;6.2;300;0.7;0.04;67.04;96.07;40.5;0;0;0.1;0.7;2.3;3.9
25/04/2019 00:00;14.96;23.4;8.24;9.9;7.9;260;0.53;0;75.71;99.37;41.55;0;0;0.3;1.3;3.7;3.4
24/04/2019 00:00;12.66;21.06;4.52;6.1;2.6;312;0.6;0;70.33;100;34.13;0;0;0.2;1.3;4;3.6
23/04/2019 00:00;11.24;15.5;6.47;9.5;6.3;56;0.14;0;90.17;100;61.87;11.2;5;0.4;2.4;4.8;1.2
22/04/2019 00:00;13.81;20.43;10.8;10.6;7.2;123;0.3;0.01;83.31;98.84;46.52;4.6;5;0.5;1.9;4.8;2
21/04/2019 00:00;12.4;17.51;8.56;9.8;7;125;0.22;0;86.04;100;50.26;4.8;0;0.5;2.3;6.1;1.9
20/04/2019 00:00;13.16;20.58;9.91;9.2;7.2;194;0.36;0.02;79.47;98.4;44.39;9.2;0;0.2;1.4;4.5;2.6
19/04/2019 00:00;12.27;19.85;7.73;8;4.4;179;0.37;0.01;77.89;99.02;36.21;1.6;0;0.3;1.6;4.3;2.5
18/04/2019 00:00;14.33;20.15;10.78;9.3;5.9;202;0.46;0;74.35;99.54;42.74;2.8;95;0.4;1.7;4.1;2.8
17/04/2019 00:00;17.59;23.24;13.28;9.2;4;188;0.85;0.1;60.17;92.93;39.8;0;0;0.2;1.2;3.4;2.8
16/04/2019 00:00;20.67;32.47;10.99;7.7;3.1;288;1.59;0.19;49.78;86.1;15.73;0;0;0.1;1.2;3.1;3.9
15/04/2019 00:00;20.07;26.81;12.23;6.6;1.9;268;1.41;0.3;43.44;78.45;27.44;0;0;0.5;1.9;4.1;3.9
14/04/2019 00:00;19.09;30.31;7.45;5.8;0.6;297;1.5;0.12;48.62;88.89;15.98;0;0;0.1;0.6;1.6;3.7
13/04/2019 00:00;15.19;24.58;6.27;5.2;-1;299;0.93;0.03;59.76;97.25;20.35;0;0;0.1;0.6;2;3.5
12/04/2019 00:00;13.5;21.46;6.8;5.4;-1.3;280;0.69;0.02;65.2;97.27;22.52;0;0;0.1;0.6;2.1;3.3
11/04/2019 00:00;12.97;20.56;6.95;7;5.6;227;0.53;0.06;69.97;93.42;40.56;0;0;0.2;0.8;2.4;2.8
10/04/2019 00:00;12.81;19.29;7.37;6.2;2.8;296;0.56;0.03;68.87;96.8;36.2;0;0;0.2;0.8;2;3.4
09/04/2019 00:00;13.92;20.21;8.46;8.3;5.2;237;0.51;0.04;71.45;95.82;45.24;0;0;0.2;0.7;2.5;2.9
08/04/2019 00:00;14.47;22.02;7.71;8.7;6.5;267;0.57;0.06;71.28;93.58;42.23;0;0;0.2;1.3;3.2;3.2
07/04/2019 00:00;12.53;20.95;5.67;6;2.1;225;0.56;0.01;68.41;98.13;33.35;0.2;130;0.4;1.6;4.3;2.8
06/04/2019 00:00;9.21;16.08;4.29;4.6;1.6;174;0.32;0.02;75.55;97.3;41.59;1;0;0.7;2.3;5.4;2.2
05/04/2019 00:00;9.76;16.39;6.32;6.5;3.9;93;0.24;0.01;82.36;98.18;45.9;15.8;605;0.7;2.8;8.4;1.6
04/04/2019 00:00;10.66;12.26;9.13;9.1;7.6;41;0.11;0.03;90.95;97.38;78.08;1.8;390;0.6;1.7;4.1;0.9
03/04/2019 00:00;15.09;25.09;9.69;8.8;4.4;144;0.62;0.07;69.2;93.82;26.46;0.2;0;0.1;0.8;2.8;2.1
02/04/2019 00:00;14.24;22.6;8.6;8.4;6;199;0.56;0.01;72.07;98.6;39.89;0;0;0.1;0.8;1.9;2.5
01/04/2019 00:00;14.22;21.44;9.31;8.4;3.1;167;0.53;0.01;71.98;98.92;33.57;0;0;0.1;0.9;2.2;2.2
31/03/2019 00:00;13.18;17.76;10.68;10.4;8.2;92;0.24;0.06;84.31;95.24;63.17;1;0;0.3;2.2;4.7;1.5
30/03/2019 00:00;15.94;23.88;12.98;10.5;7.6;118;0.54;0.11;71.78;92.39;40.85;5.8;10;0.3;2.5;5.2;2
29/03/2019 00:00;18.09;25.41;11.88;10.8;5.4;264;0.84;0.02;65.42;98.04;43.24;6.4;340;0.3;2.2;7;3.5
28/03/2019 00:00;14.63;21.99;8.74;5.9;5.2;256;0.79;0.22;58.49;80.14;36.26;0;0;0.6;1.5;4.3;3.3
27/03/2019 00:00;12.86;15.74;10.53;7.5;4.6;100;0.44;0.13;70.71;89.65;56.96;0;0;0.5;1.4;4.4;1.6
26/03/2019 00:00;19.13;27.44;12.8;7.2;0;195;1.23;0.01;49.89;99.31;23.37;9.6;325;0.2;3.1;6.2;2.8
25/03/2019 00:00;19.96;27.18;12.89;6.7;3.1;205;1.43;0.42;45.05;71.47;23.07;0;0;0.4;1.4;3.3;3
24/03/2019 00:00;18.07;25.27;12.24;5.3;1.4;187;1.21;0.46;44.74;67.1;25.39;0;0;0.2;1.2;4.2;2.5
23/03/2019 00:00;15.72;23.54;8.71;4.3;0;214;1.01;0.25;50.03;77.77;24.47;0;0;0.7;2.1;5.9;3.1
22/03/2019 00:00;14.02;21.53;6.76;2.8;0.5;264;0.91;0.25;49.88;74;25.89;0;0;0.8;1.6;5;3.4
21/03/2019 00:00;12.11;18.29;7.04;0.3;-2.7;260;0.81;0.33;46.66;66.77;25.51;0;0;1.4;2.3;6.8;3.5
20/03/2019 00:00;13.4;19.37;9.38;1.5;-3.8;257;0.87;0.08;48.02;93.19;24.39;0;0;1;2.4;6.3;3.3
19/03/2019 00:00;14.05;22.44;6.61;6.6;2.5;252;0.68;0.04;65.89;95.61;28.71;0;0;0.2;0.7;2.3;2.8
18/03/2019 00:00;14.44;22.24;6.91;5.8;0.3;243;0.76;0.11;60.53;91.3;24.16;0;0;0.1;0.8;2;2.6
17/03/2019 00:00;18.08;26.34;11.79;5;-3.1;235;1.26;0.23;46;83.1;14.39;0;0;0.1;0.8;2.3;2.8
16/03/2019 00:00;18.55;28.95;11.41;2.4;-3.6;239;1.52;0.51;36.37;64.28;15.16;0;0;0.1;0.7;2.8;2.7
15/03/2019 00:00;17.56;28.85;8.26;3.5;-7.3;244;1.39;0.32;44.72;71.71;9.39;0;0;0.1;0.8;2.6;2.5
14/03/2019 00:00;15.03;24.02;7.9;7.9;3.3;242;0.73;0;68.43;100;28.02;0;0;0.1;0.7;2;2.8
13/03/2019 00:00;14.56;21.9;7.99;8.9;5.8;228;0.56;0.05;71.28;95.9;42.23;0;0;0.1;0.6;2.3;2.6
12/03/2019 00:00;18.32;28.87;9.66;5.1;0.5;239;1.36;0.17;46.27;87.67;16.67;0;0;0.1;0.7;2.6;2.7
11/03/2019 00:00;16.57;26.96;8.27;3.3;-0.5;233;1.23;0.35;45.2;72.87;16.7;0;0;0.1;0.7;2.4;2.5
10/03/2019 00:00;16.56;26.84;8.37;2.7;-5.3;226;1.26;0.37;44.31;66.11;13.85;0;0;0.2;0.9;2.8;2.5
09/03/2019 00:00;12.75;20.43;6.17;4.7;2.2;220;0.66;0;63.77;99.99;32.08;0;0;0.4;1.7;6;2.5
08/03/2019 00:00;10.62;17.93;5.19;6.5;4.1;152;0.32;0.05;77.79;94.99;49.1;0;0;0.1;1.1;3.1;1.7
07/03/2019 00:00;10.84;17.53;7.05;7;1.8;175;0.3;0;79.98;99.8;39.34;3;485;0.2;1.1;3.1;1.9
06/03/2019 00:00;13.5;21.2;8.59;7.8;3.9;174;0.51;0.02;71.99;98.36;35.14;2.2;170;0.4;2.1;5.5;2.2
05/03/2019 00:00;14.66;24.87;6.02;7.4;2.1;166;0.73;0;68.46;100;22.78;0;0;0.1;0.6;1.8;1.9
04/03/2019 00:00;14.04;20.59;9.32;9.7;7.9;200;0.41;0;78.41;100;47.27;0.2;0;0.1;0.5;2.3;2.2
03/03/2019 00:00;12.58;21.96;5.57;8;4.3;180;0.43;0;77.26;99.5;41.47;0;0;0.1;1;3.4;2
02/03/2019 00:00;13.47;19.99;9.01;8;3.7;194;0.49;0.05;72.29;95.2;35.57;0;0;0.1;0.8;1.8;2.1
01/03/2019 00:00;12.25;20.15;5.19;7.5;2.7;191;0.43;0.01;75.77;98.47;42.04;0;0;0.1;0.8;3.5;2
28/02/2019 00:00;12.52;20.7;5.98;6.8;2.1;193;0.51;0.04;71.18;95.97;40.4;0;0;0.1;0.5;1.3;2
27/02/2019 00:00;13.61;22.04;5.77;3.3;-3;193;0.81;0.06;52.83;94.95;29.38;0;0;0.1;0.7;2.2;2
26/02/2019 00:00;14.61;24.32;6.29;-0.5;-3.6;190;1.17;0.41;36.9;56.4;20.9;0;0;0.1;0.6;1.8;1.9
25/02/2019 00:00;14.07;21.43;8.32;0.6;-3.4;191;1;0.42;41.81;64.09;24.67;0;0;0.6;1.4;4;2.4
24/02/2019 00:00;14.02;22.74;5.09;1.6;-3.3;188;1;0.16;48.61;82.11;22.04;0;0;0.3;1.3;3.4;2.1
23/02/2019 00:00;14.41;24.45;7.49;2.5;-5.8;181;1;0.18;51.31;82.27;13.5;0;0;0;0.3;1.6;1.7
22/02/2019 00:00;13.9;24.46;5.6;2.9;-3.6;180;0.94;0.19;53.55;82.74;17.66;0;0;0;0.7;1.8;1.7
21/02/2019 00:00;13.25;22.44;7.03;4.5;0.3;170;0.74;0.11;60.01;89.12;25.11;0;0;0.1;0.7;2;1.7
20/02/2019 00:00;11.27;19.48;4.91;6.6;3.7;162;0.4;0;76.69;100;36.37;0;0;0.1;0.6;2.4;1.6
19/02/2019 00:00;9.62;16.78;3.89;5.9;3;162;0.29;0;79.86;99.99;49.8;0;0;0.1;1.2;4.8;1.5
18/02/2019 00:00;10.85;16.87;8.02;7.3;2;59;0.28;0;81.48;100;37.92;6.4;45;0.3;1.6;4.2;1.1
17/02/2019 00:00;11.92;19.04;6.47;5.8;0.3;146;0.48;0.11;67.7;89.75;49.47;0;0;0.1;0.8;2.6;1.5
16/02/2019 00:00;14.17;21.13;9.24;2.1;-4.3;115;0.92;0.33;46.9;71.54;18.57;0;0;0.2;1.1;2.8;1.4
15/02/2019 00:00;14.47;23.19;7.9;3.4;-2;161;0.91;0.34;48.63;67.8;27.02;0;0;0.1;0.7;1.9;1.6
14/02/2019 00:00;16.34;26.74;9.36;2.1;-6.8;160;1.23;0.28;43.89;76.07;10.89;0;0;0.1;0.8;2.7;1.5
13/02/2019 00:00;14.55;25.02;5.64;4.4;0.4;154;0.92;0.15;55.53;83.29;20.41;0;0;0;0.4;1.5;1.4
12/02/2019 00:00;12.33;20.23;4.83;5.8;3.2;148;0.57;0;68.62;99.64;38.47;0;0;0.2;1;3;1.5
11/02/2019 00:00;10.28;18.61;3.4;6.4;2.7;146;0.33;0;80.39;99.82;43.06;0;0;0;0.5;1.6;1.3
10/02/2019 00:00;11.13;20.36;4.97;5.7;0.9;151;0.44;0.02;72.78;97.31;33.6;0;0;0.1;0.7;1.7;1.4
09/02/2019 00:00;11.62;22.16;4.7;6.5;3.1;148;0.48;0.01;76.61;98.73;30.11;0;0;0.1;0.8;2.7;1.4
08/02/2019 00:00;11.12;20.55;4.78;6.9;3.7;143;0.38;0.01;78.6;98.07;42.52;0;0;0;0.4;1.3;1.3
07/02/2019 00:00;10.87;20.02;5;5.9;2.7;146;0.42;0.02;75.52;97.32;33.79;0;0;0;0.4;1.4;1.3
06/02/2019 00:00;11.86;22.12;4.6;4.6;1.4;145;0.63;0.03;66.22;96.13;26.03;0;0;0;0.4;0.9;1.2
05/02/2019 00:00;11.46;22.65;3.46;2.9;-1.5;143;0.68;0.09;60.72;90.56;22.46;0;0;0;0.7;1.7;1.2
04/02/2019 00:00;8.5;18.24;1.05;0.8;-3.6;146;0.53;0.03;64.17;95.26;23.15;0;0;0.1;0.9;2.2;1.2
03/02/2019 00:00;7.26;14.05;2.69;2.8;-0.3;131;0.28;0.01;76.26;97.61;39.93;0;0;0;0.7;2.1;1.1
02/02/2019 00:00;8.37;11.4;6.05;6.6;5.1;53;0.11;0.01;89.36;98.34;74.89;14.4;70;0.6;2.5;6.4;0.8
01/02/2019 00:00;10.83;16.59;6.93;7.2;5.5;58;0.27;0.02;80.23;98.48;50.78;15.6;20;0.9;3.1;9.4;1.1
31/01/2019 00:00;11.61;16.59;8.02;6.7;5.5;125;0.38;0.1;73.81;91.46;50.02;0;0;0.4;1.9;4.9;1.3
30/01/2019 00:00;11.39;17.16;8.08;7.1;4.9;117;0.33;0.08;76.82;93.45;47.76;0;0;0.2;1;2.5;1.2
29/01/2019 00:00;9.99;16.21;4.84;7;4.1;108;0.24;0;83.88;99.73;52.72;0;0;0.1;0.6;1.9;1
28/01/2019 00:00;10.87;16.02;7.21;6.6;4.4;126;0.33;0.03;77.13;96.75;50.42;0;0;0.1;0.9;3.7;1.1
27/01/2019 00:00;11.6;16.24;8.21;9.3;7.3;94;0.19;0;87.3;100;58.17;0;0;0.3;1.4;3.9;1
26/01/2019 00:00;11.54;20.23;4.73;8.8;4.3;116;0.27;0;86.12;100;46.81;0;0;0.1;1.6;4.2;1.1
25/01/2019 00:00;10.53;17.99;5.15;8;5.1;111;0.21;0;87.21;100;48.6;0;0;0;0.9;1.8;1
24/01/2019 00:00;10.27;13.96;7.52;8.9;7;44;0.1;0.01;91.84;99.08;76.49;1.6;0;0.2;1;3.6;0.7
23/01/2019 00:00;9.94;11.48;8.73;7.8;6.9;69;0.15;0.02;87.58;97.94;76.65;2.4;105;0.6;1.6;5.6;0.8
18/01/2019 00:00;15.44;15.58;15.35;9.2;9;0;0.58;0.55;66.73;68.44;65.88;1.4;0;0;0.2;9.2;0.6
17/01/2019 00:00;15.61;15.73;15.43;9.2;9;0;0.59;0.55;66.19;68.47;65.59;0;0;0;0;0;